firstname,lastname,email,phonenumber
Ethel,Ciro,Ethel.Ciro@gmail.com,+43 669 611397
Carree,Reidar,Carree.Reidar@gmail.com,+43 666 574785439
Robbi,Velick,Robbi.Velick@gmail.com,+43 683 3993029
Candy,Aprile,Candy.Aprile@gmail.com,+43 665 37880
Hayley,Olympium,Hayley.Olympium@gmail.com,+43 665 5525
Lenna,Beniamino,Lenna.Beniamino@gmail.com,+43 698 5987
Charmaine,Reidar,Charmaine.Reidar@gmail.com,+43 696 9236
Sara-Ann,Kelula,Sara-Ann.Kelula@gmail.com,+43 667 8983
Margette,Stanwood,Margette.Stanwood@gmail.com,+43 674 359198145
Celene,Hathaway,Celene.Hathaway@gmail.com,+43 697 3016830
Kalina,Linskey,Kalina.Linskey@gmail.com,+43 667 97659
Marita,Zetta,Marita.Zetta@gmail.com,+43 661 0237904
Rani,Jacinda,Rani.Jacinda@gmail.com,+43 660 084446
Chloris,Hazlett,Chloris.Hazlett@gmail.com,+43 691 7079442264
Taffy,Horan,Taffy.Horan@gmail.com,+43 687 0628
Sean,Niccolo,Sean.Niccolo@gmail.com,+43 687 2696849
Linzy,Zitvaa,Linzy.Zitvaa@gmail.com,+43 668 388095624
Joy,Reinke,Joy.Reinke@gmail.com,+43 666 336720
Meg,Euridice,Meg.Euridice@gmail.com,+43 697 26240
Melina,Wadell,Melina.Wadell@gmail.com,+43 653 1520914
Melanie,Vittoria,Melanie.Vittoria@gmail.com,+43 693 2080707
Betta,Gaspard,Betta.Gaspard@gmail.com,+43 677 83425
Ethel,Zeeba,Ethel.Zeeba@gmail.com,+43 668 3008
Edith,Mozelle,Edith.Mozelle@gmail.com,+43 663 890768
Selia,O'Neill,Selia.O'Neill@gmail.com,+43 668 86202174
Rori,Edee,Rori.Edee@gmail.com,+43 669 653958859
Marcelline,Jary,Marcelline.Jary@gmail.com,+43 660 8823
Kirbee,Alcott,Kirbee.Alcott@gmail.com,+43 664 877740
Jorry,Prober,Jorry.Prober@gmail.com,+43 663 0631140029
Gusty,Joli,Gusty.Joli@gmail.com,+43 673 462663463
Raquela,Gahl,Raquela.Gahl@gmail.com,+43 657 0394
Valli,Rooney,Valli.Rooney@gmail.com,+43 666 0262975
Karly,Decato,Karly.Decato@gmail.com,+43 653 2228621861
Ann-Marie,Milson,Ann-Marie.Milson@gmail.com,+43 666 300503616
Fred,Presber,Fred.Presber@gmail.com,+43 696 25206
Charlena,Ackerley,Charlena.Ackerley@gmail.com,+43 663 8788
Rhoda,Urias,Rhoda.Urias@gmail.com,+43 652 8697540
Janenna,Destinee,Janenna.Destinee@gmail.com,+43 667 806752
Catrina,Tyson,Catrina.Tyson@gmail.com,+43 676 4350
Leontine,Milde,Leontine.Milde@gmail.com,+43 650 6795119
Jobi,Juan,Jobi.Juan@gmail.com,+43 668 6795584
Ashlee,Saree,Ashlee.Saree@gmail.com,+43 660 55923254
Tressa,Kussell,Tressa.Kussell@gmail.com,+43 655 9078
Florencia,Hourigan,Florencia.Hourigan@gmail.com,+43 657 3887772710
Eolanda,Rooney,Eolanda.Rooney@gmail.com,+43 664 597473189
Blondelle,Charity,Blondelle.Charity@gmail.com,+43 660 2510361028
Ulrike,Pauly,Ulrike.Pauly@gmail.com,+43 664 04454
Tori,Lucienne,Tori.Lucienne@gmail.com,+43 685 438454916
Gusty,Margarete,Gusty.Margarete@gmail.com,+43 667 806757
Kara-Lynn,Ardeha,Kara-Lynn.Ardeha@gmail.com,+43 669 364372705
Stacey,Sundin,Stacey.Sundin@gmail.com,+43 673 7521447086
Kenna,Bates,Kenna.Bates@gmail.com,+43 676 11126655
Gavrielle,Soneson,Gavrielle.Soneson@gmail.com,+43 661 7437913
Karolina,Edee,Karolina.Edee@gmail.com,+43 681 33223
Asia,Pillsbury,Asia.Pillsbury@gmail.com,+43 665 8703541
Amelia,Goode,Amelia.Goode@gmail.com,+43 684 4044947520
Jackie,Sherrie,Jackie.Sherrie@gmail.com,+43 651 1846526
Annaliese,Barney,Annaliese.Barney@gmail.com,+43 665 610188
Krystle,Vary,Krystle.Vary@gmail.com,+43 666 545355496
Aimil,Poll,Aimil.Poll@gmail.com,+43 666 643025
Karolina,Ries,Karolina.Ries@gmail.com,+43 653 35608325
Dotty,Regan,Dotty.Regan@gmail.com,+43 660 61644129
Gaylene,Dimitris,Gaylene.Dimitris@gmail.com,+43 667 605937342
Merrie,Cosenza,Merrie.Cosenza@gmail.com,+43 667 266494030
Alejandra,Santoro,Alejandra.Santoro@gmail.com,+43 671 20478890
Florie,Jarib,Florie.Jarib@gmail.com,+43 677 150695696
Ezmeralda,Trinetta,Ezmeralda.Trinetta@gmail.com,+43 669 88249
Dode,Adrienne,Dode.Adrienne@gmail.com,+43 665 794605
Mildrid,Mintz,Mildrid.Mintz@gmail.com,+43 684 88297
Jackie,Wareing,Jackie.Wareing@gmail.com,+43 689 769933220
Janeczka,Jotham,Janeczka.Jotham@gmail.com,+43 668 4957910
Dede,Ummersen,Dede.Ummersen@gmail.com,+43 651 83997
Nataline,Kenwood,Nataline.Kenwood@gmail.com,+43 696 7959728535
Vonny,Hathaway,Vonny.Hathaway@gmail.com,+43 692 8751211966
Kirstin,Leopold,Kirstin.Leopold@gmail.com,+43 663 2899855
Cacilie,Narton,Cacilie.Narton@gmail.com,+43 652 218511
Vita,Daegal,Vita.Daegal@gmail.com,+43 668 66471225
Zaria,Haldas,Zaria.Haldas@gmail.com,+43 663 1092045488
Jillayne,Kinnard,Jillayne.Kinnard@gmail.com,+43 664 64067965
Eolanda,Dosia,Eolanda.Dosia@gmail.com,+43 691 4732
Florie,Sibyls,Florie.Sibyls@gmail.com,+43 660 744148183
Leontine,Velick,Leontine.Velick@gmail.com,+43 679 4320
Delilah,Chaing,Delilah.Chaing@gmail.com,+43 669 233930709
Lanna,Kravits,Lanna.Kravits@gmail.com,+43 661 68293866
Cathyleen,Maples,Cathyleen.Maples@gmail.com,+43 664 80518
Carlie,Darian,Carlie.Darian@gmail.com,+43 650 827364199
Corene,Bennie,Corene.Bennie@gmail.com,+43 669 63028364
Carmencita,Fry,Carmencita.Fry@gmail.com,+43 673 21909961
Rayna,Wandie,Rayna.Wandie@gmail.com,+43 664 421895
Corina,Johnsson,Corina.Johnsson@gmail.com,+43 652 1823369122
Adele,Kylander,Adele.Kylander@gmail.com,+43 665 308810003
Charmaine,Montgomery,Charmaine.Montgomery@gmail.com,+43 659 130373069
Gale,Lynn,Gale.Lynn@gmail.com,+43 696 2965
Adore,Dahlia,Adore.Dahlia@gmail.com,+43 655 3532204818
Gale,Giff,Gale.Giff@gmail.com,+43 657 1682014
Amara,Franza,Amara.Franza@gmail.com,+43 657 2598837603
Evaleen,Calhoun,Evaleen.Calhoun@gmail.com,+43 665 0495040
Genevra,Junie,Genevra.Junie@gmail.com,+43 664 22336
Heddie,Daniele,Heddie.Daniele@gmail.com,+43 667 4749658376
Helsa,Robertson,Helsa.Robertson@gmail.com,+43 664 9077241
Ekaterina,Dichy,Ekaterina.Dichy@gmail.com,+43 664 5092249865
Rani,Nickola,Rani.Nickola@gmail.com,+43 667 6490695992
Brynna,Georgy,Brynna.Georgy@gmail.com,+43 653 6667
Jorry,Reinke,Jorry.Reinke@gmail.com,+43 652 71959
Jsandye,Aloise,Jsandye.Aloise@gmail.com,+43 683 31182
Ariela,Kazimir,Ariela.Kazimir@gmail.com,+43 665 381597370
Raf,Letsou,Raf.Letsou@gmail.com,+43 668 7092725045
Emelina,Carmena,Emelina.Carmena@gmail.com,+43 666 0915427523
Glenda,Boehike,Glenda.Boehike@gmail.com,+43 688 47579
Phedra,Felecia,Phedra.Felecia@gmail.com,+43 670 40358
Renae,Medrek,Renae.Medrek@gmail.com,+43 674 8182
Angela,Thornburg,Angela.Thornburg@gmail.com,+43 660 5491181748
Berget,Sheng,Berget.Sheng@gmail.com,+43 652 4637581
Lorne,McGrody,Lorne.McGrody@gmail.com,+43 663 421770516
Edith,Gilmour,Edith.Gilmour@gmail.com,+43 650 3950078
Eugine,Berard,Eugine.Berard@gmail.com,+43 669 9991
Celene,Bahr,Celene.Bahr@gmail.com,+43 675 0215
Dotty,Hamil,Dotty.Hamil@gmail.com,+43 684 8165742331
Sophia,Hillel,Sophia.Hillel@gmail.com,+43 650 01953
Lolita,Lissi,Lolita.Lissi@gmail.com,+43 668 8803179
Corina,Trey,Corina.Trey@gmail.com,+43 667 21023804
Gwyneth,Montgomery,Gwyneth.Montgomery@gmail.com,+43 664 87180
Dania,Yuille,Dania.Yuille@gmail.com,+43 664 48637740
Mildrid,Lilas,Mildrid.Lilas@gmail.com,+43 674 9973135
Allyce,McNully,Allyce.McNully@gmail.com,+43 663 886739924
Paule,Maribeth,Paule.Maribeth@gmail.com,+43 667 1169
Joeann,Poppy,Joeann.Poppy@gmail.com,+43 664 55818084
Sybille,Adlare,Sybille.Adlare@gmail.com,+43 680 6662247182
Joy,Agle,Joy.Agle@gmail.com,+43 652 725435
Lonnie,Jacinda,Lonnie.Jacinda@gmail.com,+43 665 3930055379
Christal,Greenwald,Christal.Greenwald@gmail.com,+43 668 264336
Konstance,Darian,Konstance.Darian@gmail.com,+43 663 958321477
Ericka,Sigfrid,Ericka.Sigfrid@gmail.com,+43 659 56243937
Emilia,Fiester,Emilia.Fiester@gmail.com,+43 664 44329
Tracey,Vanni,Tracey.Vanni@gmail.com,+43 659 44729
Dotty,Sherrie,Dotty.Sherrie@gmail.com,+43 666 5445109847
Larine,Toni,Larine.Toni@gmail.com,+43 652 6614764319
Cassandra,Diann,Cassandra.Diann@gmail.com,+43 668 4514093856
Julieta,Old,Julieta.Old@gmail.com,+43 665 708454
Orelia,Sothena,Orelia.Sothena@gmail.com,+43 668 2702293
Vere,Kirstin,Vere.Kirstin@gmail.com,+43 652 7704952
Debee,Alarise,Debee.Alarise@gmail.com,+43 650 65528838
Tersina,Newell,Tersina.Newell@gmail.com,+43 678 84674432
Cordi,Barbey,Cordi.Barbey@gmail.com,+43 667 81880
Lucy,Hanshaw,Lucy.Hanshaw@gmail.com,+43 690 3605580798
Britte,Ludewig,Britte.Ludewig@gmail.com,+43 699 3574919573
Marline,Merriott,Marline.Merriott@gmail.com,+43 661 18580
Bill,Vale,Bill.Vale@gmail.com,+43 655 430011554
Amalie,Maurine,Amalie.Maurine@gmail.com,+43 653 1722138811
Sara-Ann,Lymann,Sara-Ann.Lymann@gmail.com,+43 653 2584482
Corly,Tristram,Corly.Tristram@gmail.com,+43 657 5079423128
Charlena,Medrek,Charlena.Medrek@gmail.com,+43 668 85671
Alie,Arley,Alie.Arley@gmail.com,+43 659 5408520
Christy,Shelba,Christy.Shelba@gmail.com,+43 665 5039
Flory,Connelly,Flory.Connelly@gmail.com,+43 664 7537014
Catrina,Fax,Catrina.Fax@gmail.com,+43 660 14300032
Estell,Timon,Estell.Timon@gmail.com,+43 677 840071
Beatriz,Karylin,Beatriz.Karylin@gmail.com,+43 657 17967659
Louella,Breed,Louella.Breed@gmail.com,+43 655 6741825
Gusella,Lia,Gusella.Lia@gmail.com,+43 652 97268
Monika,Gavrila,Monika.Gavrila@gmail.com,+43 650 159594616
Ebonee,Allare,Ebonee.Allare@gmail.com,+43 665 5443571
Alisha,Gherardo,Alisha.Gherardo@gmail.com,+43 672 3317
Rani,Selway,Rani.Selway@gmail.com,+43 666 1632872
Gerianna,Fitzsimmons,Gerianna.Fitzsimmons@gmail.com,+43 651 976443189
Violet,Clie,Violet.Clie@gmail.com,+43 664 4369977
Kathy,Lorain,Kathy.Lorain@gmail.com,+43 670 890724424
Sharlene,Kazimir,Sharlene.Kazimir@gmail.com,+43 664 36677789
Nelle,Wenoa,Nelle.Wenoa@gmail.com,+43 674 738242
Teriann,McNully,Teriann.McNully@gmail.com,+43 651 6375337677
Noelle,Holbrook,Noelle.Holbrook@gmail.com,+43 668 15251427
Malina,Tiffa,Malina.Tiffa@gmail.com,+43 663 321587
Fanchon,Croix,Fanchon.Croix@gmail.com,+43 651 257475414
Josephine,Phaidra,Josephine.Phaidra@gmail.com,+43 652 705059
Sallie,Iaverne,Sallie.Iaverne@gmail.com,+43 650 405034
Gertrud,Remmer,Gertrud.Remmer@gmail.com,+43 664 1093137
Jeanna,Martsen,Jeanna.Martsen@gmail.com,+43 676 9539701
Magdalena,Thornburg,Magdalena.Thornburg@gmail.com,+43 677 24095
Olivette,Atonsah,Olivette.Atonsah@gmail.com,+43 651 101018157
June,Vacuva,June.Vacuva@gmail.com,+43 683 383322185
Tracey,Saint,Tracey.Saint@gmail.com,+43 668 44810
Jenilee,Himelman,Jenilee.Himelman@gmail.com,+43 665 6285
Giustina,Serilda,Giustina.Serilda@gmail.com,+43 655 8121132
Leeanne,Vastah,Leeanne.Vastah@gmail.com,+43 669 812257
Calla,Yorick,Calla.Yorick@gmail.com,+43 694 726007483
Ninnetta,Truc,Ninnetta.Truc@gmail.com,+43 689 80681356
Kirstin,Posner,Kirstin.Posner@gmail.com,+43 661 631847631
Pierette,Roxanna,Pierette.Roxanna@gmail.com,+43 667 329961990
Cacilie,Bendick,Cacilie.Bendick@gmail.com,+43 670 0058
Celene,Hepsibah,Celene.Hepsibah@gmail.com,+43 693 0694
Ivett,Primalia,Ivett.Primalia@gmail.com,+43 684 1907143
Luci,Hoenack,Luci.Hoenack@gmail.com,+43 696 1719
Tamqrah,Erskine,Tamqrah.Erskine@gmail.com,+43 660 1144067379
Fina,Juan,Fina.Juan@gmail.com,+43 664 7758
Grier,Adamsen,Grier.Adamsen@gmail.com,+43 659 2210128253
Elka,Carolin,Elka.Carolin@gmail.com,+43 685 33194
Elka,Olin,Elka.Olin@gmail.com,+43 665 436827912
Frances,Belanger,Frances.Belanger@gmail.com,+43 660 99161194
Letizia,Dorine,Letizia.Dorine@gmail.com,+43 665 7501162946
Jordan,Glovsky,Jordan.Glovsky@gmail.com,+43 652 4483
Averyl,Obed,Averyl.Obed@gmail.com,+43 664 4278
Nita,Helve,Nita.Helve@gmail.com,+43 653 4156
Mildrid,Docilla,Mildrid.Docilla@gmail.com,+43 665 8216781
Basia,Dulciana,Basia.Dulciana@gmail.com,+43 668 5166
Dyann,Barney,Dyann.Barney@gmail.com,+43 698 37172592
Nessie,Hebner,Nessie.Hebner@gmail.com,+43 668 52466787
Jean,Buffum,Jean.Buffum@gmail.com,+43 695 16799
Lorne,Alva,Lorne.Alva@gmail.com,+43 692 10271206
Myriam,Janene,Myriam.Janene@gmail.com,+43 679 0418973520
Bobbi,Moina,Bobbi.Moina@gmail.com,+43 697 8842304411
Babita,Katrine,Babita.Katrine@gmail.com,+43 674 0538
Audrie,Burch,Audrie.Burch@gmail.com,+43 674 732975
Arabel,Zachary,Arabel.Zachary@gmail.com,+43 659 3318
Alie,Sibyls,Alie.Sibyls@gmail.com,+43 668 553819
Ofilia,Carleen,Ofilia.Carleen@gmail.com,+43 666 26354346
Gusty,Edvard,Gusty.Edvard@gmail.com,+43 659 7914017
Marguerite,Laverne,Marguerite.Laverne@gmail.com,+43 655 9574356
Gabi,Eckblad,Gabi.Eckblad@gmail.com,+43 686 917603940
Ezmeralda,Solitta,Ezmeralda.Solitta@gmail.com,+43 665 019162336
Aimil,Willie,Aimil.Willie@gmail.com,+43 690 321628224
Amii,Orpah,Amii.Orpah@gmail.com,+43 674 2105
Jessamyn,Garlinda,Jessamyn.Garlinda@gmail.com,+43 652 618219878
Marleah,Lipson,Marleah.Lipson@gmail.com,+43 663 0344
Max,Tarrant,Max.Tarrant@gmail.com,+43 663 2640
Alleen,Roscoe,Alleen.Roscoe@gmail.com,+43 667 2471
Lusa,Toor,Lusa.Toor@gmail.com,+43 659 191431
Doro,Adamsen,Doro.Adamsen@gmail.com,+43 652 93258
Viki,Teddman,Viki.Teddman@gmail.com,+43 678 049218
Daune,Lutero,Daune.Lutero@gmail.com,+43 680 346757
Marleah,Kelula,Marleah.Kelula@gmail.com,+43 652 2888608028
Tatiania,Felizio,Tatiania.Felizio@gmail.com,+43 667 5022861991
Adriana,Isidore,Adriana.Isidore@gmail.com,+43 673 269059779
Kellen,Virgin,Kellen.Virgin@gmail.com,+43 665 6969
Chere,Ramona,Chere.Ramona@gmail.com,+43 657 2678258
Alisha,Jena,Alisha.Jena@gmail.com,+43 664 0206329
Audrie,MacIntosh,Audrie.MacIntosh@gmail.com,+43 681 88302680
Tamqrah,Romelda,Tamqrah.Romelda@gmail.com,+43 659 3715693433
Lory,Gaal,Lory.Gaal@gmail.com,+43 651 9565
Hannis,Kirbee,Hannis.Kirbee@gmail.com,+43 651 60017
Therine,Ehrman,Therine.Ehrman@gmail.com,+43 661 91275
Gretal,Monk,Gretal.Monk@gmail.com,+43 698 02530468
Dulce,Si,Dulce.Si@gmail.com,+43 668 2199022871
Atlanta,Waite,Atlanta.Waite@gmail.com,+43 666 62326
Ariela,Johnsson,Ariela.Johnsson@gmail.com,+43 694 34941699
Gwyneth,Donoghue,Gwyneth.Donoghue@gmail.com,+43 663 94529
Heddie,Jary,Heddie.Jary@gmail.com,+43 696 87759181
Ricky,Alva,Ricky.Alva@gmail.com,+43 696 73019
Gratia,Redmond,Gratia.Redmond@gmail.com,+43 668 06341
Larine,Delacourt,Larine.Delacourt@gmail.com,+43 661 0630702081
Georgina,Delp,Georgina.Delp@gmail.com,+43 652 72737
Tierney,Loring,Tierney.Loring@gmail.com,+43 666 37894
Chrystel,Nester,Chrystel.Nester@gmail.com,+43 693 943548
Gianina,Grosz,Gianina.Grosz@gmail.com,+43 657 67486178
Hollie,Demitria,Hollie.Demitria@gmail.com,+43 651 2814658
Pollyanna,Rossner,Pollyanna.Rossner@gmail.com,+43 695 678583876
Rosabelle,Allys,Rosabelle.Allys@gmail.com,+43 665 68753
Caryl,Barney,Caryl.Barney@gmail.com,+43 687 86865022
Korrie,Kat,Korrie.Kat@gmail.com,+43 666 0470186
Camile,Fredi,Camile.Fredi@gmail.com,+43 699 44709688
Miquela,Weide,Miquela.Weide@gmail.com,+43 696 836188232
Evaleen,Jerald,Evaleen.Jerald@gmail.com,+43 652 22927
Jan,Vale,Jan.Vale@gmail.com,+43 650 66773817
Liana,Eugenia,Liana.Eugenia@gmail.com,+43 688 2663
Jsandye,Killigrew,Jsandye.Killigrew@gmail.com,+43 697 54725
Tina,Lane,Tina.Lane@gmail.com,+43 676 3974
Violet,Delila,Violet.Delila@gmail.com,+43 688 0523919
Olivette,Durware,Olivette.Durware@gmail.com,+43 676 2508
Doralynne,Ortrude,Doralynne.Ortrude@gmail.com,+43 688 5210
Diena,Oscar,Diena.Oscar@gmail.com,+43 666 8719
Alie,Nadia,Alie.Nadia@gmail.com,+43 663 1302863
Chastity,Modie,Chastity.Modie@gmail.com,+43 670 3171
Arlina,Shanley,Arlina.Shanley@gmail.com,+43 697 8369794909
Demetris,Merell,Demetris.Merell@gmail.com,+43 664 07190
Paule,Jess,Paule.Jess@gmail.com,+43 696 16816
Jasmina,Cottle,Jasmina.Cottle@gmail.com,+43 665 644794343
Robbi,Devlen,Robbi.Devlen@gmail.com,+43 689 2941285
Olivette,Boehike,Olivette.Boehike@gmail.com,+43 684 74609
Ebonee,Korey,Ebonee.Korey@gmail.com,+43 661 9593
Alameda,Grayce,Alameda.Grayce@gmail.com,+43 655 34968983
Gusty,Othilia,Gusty.Othilia@gmail.com,+43 652 521079
Marleah,Sawtelle,Marleah.Sawtelle@gmail.com,+43 663 8815
Leanna,Hurley,Leanna.Hurley@gmail.com,+43 682 56329317
Ruthe,Muriel,Ruthe.Muriel@gmail.com,+43 672 0305811370
Alejandra,Dex,Alejandra.Dex@gmail.com,+43 661 5534
Nikki,Ehrman,Nikki.Ehrman@gmail.com,+43 653 423884
Vere,Cassius,Vere.Cassius@gmail.com,+43 678 51306903
Olwen,Joeann,Olwen.Joeann@gmail.com,+43 664 747570
Ariela,Ranjiv,Ariela.Ranjiv@gmail.com,+43 655 1910774163
Emilia,Sancho,Emilia.Sancho@gmail.com,+43 651 9923
Morganica,Ralfston,Morganica.Ralfston@gmail.com,+43 669 354853955
Binny,Pitt,Binny.Pitt@gmail.com,+43 655 8743807
Aryn,Riva,Aryn.Riva@gmail.com,+43 666 90966843
Frieda,Kirbee,Frieda.Kirbee@gmail.com,+43 695 478377793
Lilith,Talia,Lilith.Talia@gmail.com,+43 699 2816394416
Gerianna,Sasnett,Gerianna.Sasnett@gmail.com,+43 681 5656
Christian,Wesle,Christian.Wesle@gmail.com,+43 659 8115824
Silvana,Thomasina,Silvana.Thomasina@gmail.com,+43 699 1582169
Joleen,Georas,Joleen.Georas@gmail.com,+43 652 2578400
Hayley,Dex,Hayley.Dex@gmail.com,+43 655 15732873
Georgetta,Zola,Georgetta.Zola@gmail.com,+43 683 8287278469
Deane,Ariella,Deane.Ariella@gmail.com,+43 663 79006
Joelly,Sisile,Joelly.Sisile@gmail.com,+43 681 362230697
Helena,Ailyn,Helena.Ailyn@gmail.com,+43 660 151383
Heddie,Briney,Heddie.Briney@gmail.com,+43 660 0919
Justinn,Arathorn,Justinn.Arathorn@gmail.com,+43 680 5504704233
Sophia,Cloris,Sophia.Cloris@gmail.com,+43 672 8633607882
Marti,Erskine,Marti.Erskine@gmail.com,+43 652 24380272
Elbertina,Dom,Elbertina.Dom@gmail.com,+43 657 217150124
Maurene,Elo,Maurene.Elo@gmail.com,+43 663 4092976923
Dianemarie,Schalles,Dianemarie.Schalles@gmail.com,+43 655 952412863
Natka,Maryanne,Natka.Maryanne@gmail.com,+43 668 9951493566
Donnie,Hull,Donnie.Hull@gmail.com,+43 696 25910478
Aili,Lacombe,Aili.Lacombe@gmail.com,+43 687 2375
Gabi,Syd,Gabi.Syd@gmail.com,+43 670 4157929255
Antonietta,Pip,Antonietta.Pip@gmail.com,+43 652 5454919135
Maye,Shama,Maye.Shama@gmail.com,+43 694 772309
Caritta,Roche,Caritta.Roche@gmail.com,+43 651 3116391
Linzy,Bertold,Linzy.Bertold@gmail.com,+43 669 91017
Carree,Papageno,Carree.Papageno@gmail.com,+43 659 37255
Sissy,My,Sissy.My@gmail.com,+43 679 407683788
Stevana,Zeeba,Stevana.Zeeba@gmail.com,+43 699 87276
Shaylyn,Kimmie,Shaylyn.Kimmie@gmail.com,+43 652 5666
Esmeralda,Duwalt,Esmeralda.Duwalt@gmail.com,+43 657 38252
Marleah,Melan,Marleah.Melan@gmail.com,+43 652 80189576
Lynde,Sisile,Lynde.Sisile@gmail.com,+43 677 787879658
Kittie,Kannry,Kittie.Kannry@gmail.com,+43 661 15437858
Alyssa,Parette,Alyssa.Parette@gmail.com,+43 677 4783730719
Lorne,Wesle,Lorne.Wesle@gmail.com,+43 697 6352254139
Renae,Stav,Renae.Stav@gmail.com,+43 659 25269871
Wilma,Jacinda,Wilma.Jacinda@gmail.com,+43 667 113080
Phylis,Teddman,Phylis.Teddman@gmail.com,+43 696 87908394
Nyssa,Afton,Nyssa.Afton@gmail.com,+43 659 4325646061
Mignon,Penelopa,Mignon.Penelopa@gmail.com,+43 653 9026
Orsola,Dash,Orsola.Dash@gmail.com,+43 652 0615877
Angela,Cassius,Angela.Cassius@gmail.com,+43 659 62712
Kelly,Maxi,Kelly.Maxi@gmail.com,+43 694 9529043058
Madelle,Manolo,Madelle.Manolo@gmail.com,+43 653 24216775
Georgina,Joseph,Georgina.Joseph@gmail.com,+43 674 51285088
Minda,Amadas,Minda.Amadas@gmail.com,+43 655 1409884
Janis,Solitta,Janis.Solitta@gmail.com,+43 657 0774956
Aeriela,Nunci,Aeriela.Nunci@gmail.com,+43 663 660280235
Barbara,Schlosser,Barbara.Schlosser@gmail.com,+43 697 4656292
Jorry,Garbe,Jorry.Garbe@gmail.com,+43 660 28071
Blake,Verger,Blake.Verger@gmail.com,+43 650 9165297
Sadie,Scammon,Sadie.Scammon@gmail.com,+43 652 928616
Agathe,Ambrosia,Agathe.Ambrosia@gmail.com,+43 653 7179
Lynea,LaRue,Lynea.LaRue@gmail.com,+43 693 1024992037
Jere,Horan,Jere.Horan@gmail.com,+43 692 58958
Daphne,Sheedy,Daphne.Sheedy@gmail.com,+43 678 80919
Fanchon,Loeb,Fanchon.Loeb@gmail.com,+43 667 2644865881
Jillayne,Ramona,Jillayne.Ramona@gmail.com,+43 665 685801
Danika,Ilka,Danika.Ilka@gmail.com,+43 683 9418254
Doro,Horan,Doro.Horan@gmail.com,+43 661 686722
Vivia,Sacken,Vivia.Sacken@gmail.com,+43 664 9908271
Karolina,Dalli,Karolina.Dalli@gmail.com,+43 651 07084263
Katleen,Pyle,Katleen.Pyle@gmail.com,+43 664 08339
Camile,Weinreb,Camile.Weinreb@gmail.com,+43 669 28450
Jacquetta,Roxanna,Jacquetta.Roxanna@gmail.com,+43 696 9913
Monika,Lane,Monika.Lane@gmail.com,+43 683 2304872800
Trudie,Madelene,Trudie.Madelene@gmail.com,+43 659 2339834
Susan,Gower,Susan.Gower@gmail.com,+43 653 2291540009
Deloria,Darrell,Deloria.Darrell@gmail.com,+43 698 509228896
Karolina,Hieronymus,Karolina.Hieronymus@gmail.com,+43 663 5719680
Molli,Ambrosia,Molli.Ambrosia@gmail.com,+43 660 36232428
Rosene,Klotz,Rosene.Klotz@gmail.com,+43 692 49434109
Arlena,Fink,Arlena.Fink@gmail.com,+43 691 3868
Roz,Leonard,Roz.Leonard@gmail.com,+43 668 93111
Nyssa,Taima,Nyssa.Taima@gmail.com,+43 652 62532
Sam,Giff,Sam.Giff@gmail.com,+43 650 9987024
Dotty,Jorgan,Dotty.Jorgan@gmail.com,+43 655 333747
Charlena,Birdella,Charlena.Birdella@gmail.com,+43 693 955753985
Andeee,McAdams,Andeee.McAdams@gmail.com,+43 671 71025882
Lucille,Grimbly,Lucille.Grimbly@gmail.com,+43 655 25423
Cissiee,Freddi,Cissiee.Freddi@gmail.com,+43 680 8658112764
Goldie,Lowry,Goldie.Lowry@gmail.com,+43 691 1735
Maryellen,McAdams,Maryellen.McAdams@gmail.com,+43 688 0720687
Kassey,Dielu,Kassey.Dielu@gmail.com,+43 657 204281
Chickie,Raul,Chickie.Raul@gmail.com,+43 650 89272499
Carly,Erich,Carly.Erich@gmail.com,+43 668 87852125
Ivett,Ochs,Ivett.Ochs@gmail.com,+43 669 196481556
Romona,Camden,Romona.Camden@gmail.com,+43 665 2144178967
Sandie,Odysseus,Sandie.Odysseus@gmail.com,+43 694 599537
Cindelyn,Taima,Cindelyn.Taima@gmail.com,+43 663 88810
Daryl,Junie,Daryl.Junie@gmail.com,+43 653 31306
Norine,Jerold,Norine.Jerold@gmail.com,+43 650 2183
Joceline,Velick,Joceline.Velick@gmail.com,+43 655 0397085961
Kelly,Hebner,Kelly.Hebner@gmail.com,+43 667 456057
Estell,Ariella,Estell.Ariella@gmail.com,+43 659 0051
Gusella,Barney,Gusella.Barney@gmail.com,+43 651 7296
Mignon,Bonucci,Mignon.Bonucci@gmail.com,+43 667 3042521
Berget,Pierette,Berget.Pierette@gmail.com,+43 677 527095
Cyb,Natica,Cyb.Natica@gmail.com,+43 698 8287961
Nataline,Slifka,Nataline.Slifka@gmail.com,+43 678 5126136488
Hayley,Hedve,Hayley.Hedve@gmail.com,+43 651 3263997
Valeda,Bahr,Valeda.Bahr@gmail.com,+43 663 10684
Cecile,Hertzfeld,Cecile.Hertzfeld@gmail.com,+43 660 8788
Elvira,Reidar,Elvira.Reidar@gmail.com,+43 664 032591
Roseline,Rosalba,Roseline.Rosalba@gmail.com,+43 655 62791
Ida,Berne,Ida.Berne@gmail.com,+43 669 6273081
Mady,Cullin,Mady.Cullin@gmail.com,+43 664 3891247
Henriette,McGrody,Henriette.McGrody@gmail.com,+43 666 19845285
Tobe,Karna,Tobe.Karna@gmail.com,+43 677 36324345
Chickie,Kevon,Chickie.Kevon@gmail.com,+43 664 2757664394
Bobbi,Dichy,Bobbi.Dichy@gmail.com,+43 669 01255
Imojean,Leffen,Imojean.Leffen@gmail.com,+43 661 570677
Natka,Dawkins,Natka.Dawkins@gmail.com,+43 665 90390860
Addia,Junie,Addia.Junie@gmail.com,+43 664 74869
Cherrita,Beebe,Cherrita.Beebe@gmail.com,+43 661 0847
Teriann,Breed,Teriann.Breed@gmail.com,+43 696 216919
Alyda,Mata,Alyda.Mata@gmail.com,+43 657 7132331
Debee,Madelene,Debee.Madelene@gmail.com,+43 650 48339491
Pamella,Ricarda,Pamella.Ricarda@gmail.com,+43 667 2701621323
Lexine,Hoenack,Lexine.Hoenack@gmail.com,+43 686 3652435
Eve,Ludewig,Eve.Ludewig@gmail.com,+43 655 182361
Trixi,Ax,Trixi.Ax@gmail.com,+43 668 61976085
Catrina,Talia,Catrina.Talia@gmail.com,+43 657 7206754852
Linzy,Klemperer,Linzy.Klemperer@gmail.com,+43 661 504759205
Renae,Georgy,Renae.Georgy@gmail.com,+43 663 59916
Rosanne,Tjon,Rosanne.Tjon@gmail.com,+43 693 71940
Meriel,Dalli,Meriel.Dalli@gmail.com,+43 680 8005
Roxane,Zola,Roxane.Zola@gmail.com,+43 679 97888954
Madeleine,Love,Madeleine.Love@gmail.com,+43 681 874166
Lizzie,Grimbly,Lizzie.Grimbly@gmail.com,+43 686 226376697
Ann-Marie,Vastah,Ann-Marie.Vastah@gmail.com,+43 669 0191019
Anthia,Alabaster,Anthia.Alabaster@gmail.com,+43 673 18036129
Antonietta,Ackerley,Antonietta.Ackerley@gmail.com,+43 680 7285377
Inga,Angelis,Inga.Angelis@gmail.com,+43 651 505613
Renie,Joseph,Renie.Joseph@gmail.com,+43 650 7123554404
Angelique,Xerxes,Angelique.Xerxes@gmail.com,+43 659 24338455
Lucille,Torray,Lucille.Torray@gmail.com,+43 671 3805
Brynna,Cornelia,Brynna.Cornelia@gmail.com,+43 682 09672163
Fernande,Demitria,Fernande.Demitria@gmail.com,+43 665 2115442
Rivalee,Zuzana,Rivalee.Zuzana@gmail.com,+43 679 616042
Ira,Gaynor,Ira.Gaynor@gmail.com,+43 676 79606
Nicoli,Lewes,Nicoli.Lewes@gmail.com,+43 665 329115
Cassandra,Yerkovich,Cassandra.Yerkovich@gmail.com,+43 679 819151902
Vonny,Gale,Vonny.Gale@gmail.com,+43 652 0055169794
Sam,Magnolia,Sam.Magnolia@gmail.com,+43 665 91078
Rosene,Joni,Rosene.Joni@gmail.com,+43 651 14803
Alex,Shirberg,Alex.Shirberg@gmail.com,+43 665 468061742
Lesly,Lumbard,Lesly.Lumbard@gmail.com,+43 667 291064895
Stacey,Old,Stacey.Old@gmail.com,+43 661 0749
Modestia,Heisel,Modestia.Heisel@gmail.com,+43 650 007574425
Dorene,Rebecka,Dorene.Rebecka@gmail.com,+43 664 02290764
Celene,Skurnik,Celene.Skurnik@gmail.com,+43 655 39433
Marcelline,Bendick,Marcelline.Bendick@gmail.com,+43 698 55113425
Berta,Fontana,Berta.Fontana@gmail.com,+43 655 84669
Lynde,Edison,Lynde.Edison@gmail.com,+43 653 78591
Loree,Poppy,Loree.Poppy@gmail.com,+43 669 403522167
Sue,Fadiman,Sue.Fadiman@gmail.com,+43 663 9796252554
Gilda,Martguerita,Gilda.Martguerita@gmail.com,+43 683 3635283
Alex,Hubert,Alex.Hubert@gmail.com,+43 693 340555797
Taffy,Abernon,Taffy.Abernon@gmail.com,+43 659 71607784
Jasmina,Latini,Jasmina.Latini@gmail.com,+43 679 9466317735
Charlena,Melleta,Charlena.Melleta@gmail.com,+43 659 2219807641
Fawne,Raseda,Fawne.Raseda@gmail.com,+43 657 881300
Gavrielle,Francyne,Gavrielle.Francyne@gmail.com,+43 655 92229278
Cindelyn,Kirbee,Cindelyn.Kirbee@gmail.com,+43 682 4091185363
Valera,Sothena,Valera.Sothena@gmail.com,+43 657 396382
Gusella,Cecile,Gusella.Cecile@gmail.com,+43 685 4318
Elbertina,Dielu,Elbertina.Dielu@gmail.com,+43 657 6218483256
Emelina,Lorenz,Emelina.Lorenz@gmail.com,+43 651 4235538
Silvana,Fabiola,Silvana.Fabiola@gmail.com,+43 652 0684265
Carly,Markman,Carly.Markman@gmail.com,+43 668 0399722
Priscilla,Henrie,Priscilla.Henrie@gmail.com,+43 671 1787884072
Tomasina,Podvin,Tomasina.Podvin@gmail.com,+43 688 248864135
Jenda,Gilmour,Jenda.Gilmour@gmail.com,+43 675 1393
Drucie,Geffner,Drucie.Geffner@gmail.com,+43 668 114775674
Ninnetta,Camden,Ninnetta.Camden@gmail.com,+43 675 4514
Vanessa,Zitvaa,Vanessa.Zitvaa@gmail.com,+43 686 12036811
Kaja,Ajay,Kaja.Ajay@gmail.com,+43 650 38506
Kassey,Martsen,Kassey.Martsen@gmail.com,+43 651 8987043
Renie,Dulciana,Renie.Dulciana@gmail.com,+43 660 0530910
Berta,Ortrude,Berta.Ortrude@gmail.com,+43 688 77926174
Dennie,Nore,Dennie.Nore@gmail.com,+43 652 2497000
Sidoney,Rheingold,Sidoney.Rheingold@gmail.com,+43 657 2728068083
Britni,Hertzfeld,Britni.Hertzfeld@gmail.com,+43 698 897405
Gwyneth,Stefa,Gwyneth.Stefa@gmail.com,+43 668 71151
Alejandra,Goode,Alejandra.Goode@gmail.com,+43 660 9858
Meg,Jillane,Meg.Jillane@gmail.com,+43 666 99263
Brandise,McNully,Brandise.McNully@gmail.com,+43 664 58802
Grier,Adalbert,Grier.Adalbert@gmail.com,+43 694 447635
Beverley,Cutlerr,Beverley.Cutlerr@gmail.com,+43 660 7217
Renae,Deegan,Renae.Deegan@gmail.com,+43 665 839797
Teddie,Blisse,Teddie.Blisse@gmail.com,+43 669 3258
Lusa,Ivens,Lusa.Ivens@gmail.com,+43 668 97929
Shandie,Dannye,Shandie.Dannye@gmail.com,+43 653 2095
Ann-Marie,Marden,Ann-Marie.Marden@gmail.com,+43 653 3042996864
Thalia,Malvino,Thalia.Malvino@gmail.com,+43 664 663315940
Viviene,Gualtiero,Viviene.Gualtiero@gmail.com,+43 651 233635503
Dianemarie,Halla,Dianemarie.Halla@gmail.com,+43 699 132448286
Flory,Trey,Flory.Trey@gmail.com,+43 651 28112685
Darci,Quent,Darci.Quent@gmail.com,+43 669 5041
Doro,Sadowski,Doro.Sadowski@gmail.com,+43 652 751561
Silvana,Janith,Silvana.Janith@gmail.com,+43 661 1978557
Paulita,Peonir,Paulita.Peonir@gmail.com,+43 664 550222
Blake,Ummersen,Blake.Ummersen@gmail.com,+43 650 100536
Etta,Capello,Etta.Capello@gmail.com,+43 684 369005
Madeleine,Tengdin,Madeleine.Tengdin@gmail.com,+43 661 581318
Rosaline,Briney,Rosaline.Briney@gmail.com,+43 664 339130183
Rivalee,Dannye,Rivalee.Dannye@gmail.com,+43 660 2756172302
Jennica,Edison,Jennica.Edison@gmail.com,+43 666 6080601180
Vonny,Yusuk,Vonny.Yusuk@gmail.com,+43 657 5583213840
Arlena,Alisia,Arlena.Alisia@gmail.com,+43 666 4097
Celene,Hazlett,Celene.Hazlett@gmail.com,+43 690 25016631
Bobbi,Khorma,Bobbi.Khorma@gmail.com,+43 681 80918473
Konstance,Dudley,Konstance.Dudley@gmail.com,+43 661 5180331
Taffy,Esmaria,Taffy.Esmaria@gmail.com,+43 661 12527
Nanete,Turne,Nanete.Turne@gmail.com,+43 655 43191730
Marcy,Jethro,Marcy.Jethro@gmail.com,+43 681 365296279
Livvyy,Bennie,Livvyy.Bennie@gmail.com,+43 666 647123621
Renae,Jefferey,Renae.Jefferey@gmail.com,+43 667 432998
Janenna,Mathilde,Janenna.Mathilde@gmail.com,+43 667 947041331
Maryellen,Ricarda,Maryellen.Ricarda@gmail.com,+43 664 10092180
Sheelagh,Ietta,Sheelagh.Ietta@gmail.com,+43 694 49741288
Yetty,Burnside,Yetty.Burnside@gmail.com,+43 668 317345697
Yetty,Destinee,Yetty.Destinee@gmail.com,+43 680 428112
Lilith,Bakerman,Lilith.Bakerman@gmail.com,+43 660 2006
Fanchon,Lea,Fanchon.Lea@gmail.com,+43 684 3850397488
Odessa,Colleen,Odessa.Colleen@gmail.com,+43 694 8822302717
Oona,Dex,Oona.Dex@gmail.com,+43 684 610444348
Gisela,Andrel,Gisela.Andrel@gmail.com,+43 694 771241616
Gilda,Aaberg,Gilda.Aaberg@gmail.com,+43 655 2246391
Janey,Salchunas,Janey.Salchunas@gmail.com,+43 660 1516
Therine,Konyn,Therine.Konyn@gmail.com,+43 682 40823
Bee,Sprage,Bee.Sprage@gmail.com,+43 653 1105642
Renie,Scammon,Renie.Scammon@gmail.com,+43 655 2772372830
Aaren,Plato,Aaren.Plato@gmail.com,+43 668 24151727
Lynnea,Elephus,Lynnea.Elephus@gmail.com,+43 677 7523
Amara,Lesley,Amara.Lesley@gmail.com,+43 655 82084
Catharine,Riordan,Catharine.Riordan@gmail.com,+43 673 0524854063
Netty,Kendrick,Netty.Kendrick@gmail.com,+43 681 987269
Rani,Schwejda,Rani.Schwejda@gmail.com,+43 653 3574115883
Joy,Aprile,Joy.Aprile@gmail.com,+43 664 181181
Josephine,Reidar,Josephine.Reidar@gmail.com,+43 659 828508319
Caritta,Hailee,Caritta.Hailee@gmail.com,+43 659 9782772
Demetris,Rhu,Demetris.Rhu@gmail.com,+43 671 13871
Vanessa,Gombach,Vanessa.Gombach@gmail.com,+43 650 958759
Berta,Hieronymus,Berta.Hieronymus@gmail.com,+43 651 99294664
Ida,Weaks,Ida.Weaks@gmail.com,+43 659 0092
Fawne,Denis,Fawne.Denis@gmail.com,+43 669 4273498826
Jerry,Pierette,Jerry.Pierette@gmail.com,+43 666 9675509
Laurene,Malina,Laurene.Malina@gmail.com,+43 667 042112
Lila,Behre,Lila.Behre@gmail.com,+43 661 35882
Jorry,Flyn,Jorry.Flyn@gmail.com,+43 651 982001319
Camile,Gwenore,Camile.Gwenore@gmail.com,+43 683 4918798552
Elmira,Corilla,Elmira.Corilla@gmail.com,+43 661 751746
Hannis,Jillane,Hannis.Jillane@gmail.com,+43 675 554170520
Kathy,Ahab,Kathy.Ahab@gmail.com,+43 663 2725502
Demetris,Keily,Demetris.Keily@gmail.com,+43 665 629985
Tierney,Delp,Tierney.Delp@gmail.com,+43 690 294977
Gusella,Clie,Gusella.Clie@gmail.com,+43 655 5094
Melisent,Bertold,Melisent.Bertold@gmail.com,+43 659 3194013
Georgina,Giule,Georgina.Giule@gmail.com,+43 692 56746688
Monika,Sholley,Monika.Sholley@gmail.com,+43 651 476253271
Tami,Kussell,Tami.Kussell@gmail.com,+43 692 48902291
Ardenia,Urania,Ardenia.Urania@gmail.com,+43 673 5319
Noelle,Geffner,Noelle.Geffner@gmail.com,+43 665 08075499
Karena,Pelagias,Karena.Pelagias@gmail.com,+43 661 0524383
Amara,Blake,Amara.Blake@gmail.com,+43 650 5791721877
Claudina,Roche,Claudina.Roche@gmail.com,+43 696 61629928
Edith,Harned,Edith.Harned@gmail.com,+43 669 50287
Norine,Milson,Norine.Milson@gmail.com,+43 685 065911295
Gusella,Jammal,Gusella.Jammal@gmail.com,+43 653 9856
Doro,Karna,Doro.Karna@gmail.com,+43 668 972432
Kirstin,Mayeda,Kirstin.Mayeda@gmail.com,+43 668 282981523
Donetta,Syd,Donetta.Syd@gmail.com,+43 698 034074253
Kaia,Kelula,Kaia.Kelula@gmail.com,+43 664 99112
Annabela,Scammon,Annabela.Scammon@gmail.com,+43 666 053377994
Beverley,Kaete,Beverley.Kaete@gmail.com,+43 651 25648433
Myrtice,Justinn,Myrtice.Justinn@gmail.com,+43 659 32484
Gaylene,Thad,Gaylene.Thad@gmail.com,+43 691 788677412
Melina,Hollingsworth,Melina.Hollingsworth@gmail.com,+43 655 609635
Audrie,Gerge,Audrie.Gerge@gmail.com,+43 669 41950
Heida,Manolo,Heida.Manolo@gmail.com,+43 666 395255999
Rubie,Mich,Rubie.Mich@gmail.com,+43 652 1982
Dennie,Devlen,Dennie.Devlen@gmail.com,+43 663 07046081
Shannah,Karylin,Shannah.Karylin@gmail.com,+43 673 2509781318
Phylis,Margarete,Phylis.Margarete@gmail.com,+43 657 54013
Brianna,Wildermuth,Brianna.Wildermuth@gmail.com,+43 652 7349658506
Ketti,Maiah,Ketti.Maiah@gmail.com,+43 669 5421034
Consuela,Woodberry,Consuela.Woodberry@gmail.com,+43 689 756680553
Siana,Astra,Siana.Astra@gmail.com,+43 669 748746080
Lucy,O'Rourke,Lucy.O'Rourke@gmail.com,+43 668 9056691
Beverley,Hachmin,Beverley.Hachmin@gmail.com,+43 663 912482
Tonia,Waite,Tonia.Waite@gmail.com,+43 659 2453
Farrah,Lymann,Farrah.Lymann@gmail.com,+43 655 4253201023
Maud,Weaks,Maud.Weaks@gmail.com,+43 668 52695738
Ingrid,Garrison,Ingrid.Garrison@gmail.com,+43 690 426286
Flo,Chesna,Flo.Chesna@gmail.com,+43 652 25881
Heida,Turne,Heida.Turne@gmail.com,+43 668 003032854
Iseabal,Lindemann,Iseabal.Lindemann@gmail.com,+43 650 077124260
Demetris,Casimir,Demetris.Casimir@gmail.com,+43 667 002945471
Carol-Jean,Jena,Carol-Jean.Jena@gmail.com,+43 657 922174
Leanna,Delila,Leanna.Delila@gmail.com,+43 666 005133
Roseline,Leopold,Roseline.Leopold@gmail.com,+43 651 16776804
Robinia,Pacorro,Robinia.Pacorro@gmail.com,+43 695 60268
Carree,Isidore,Carree.Isidore@gmail.com,+43 672 9869651211
Elena,Muriel,Elena.Muriel@gmail.com,+43 661 18721107
Jennica,Dichy,Jennica.Dichy@gmail.com,+43 669 713509
Feliza,Waldron,Feliza.Waldron@gmail.com,+43 663 807723
Daryl,Cavan,Daryl.Cavan@gmail.com,+43 659 7924591
Diena,Bartlett,Diena.Bartlett@gmail.com,+43 671 32120
Leontine,Othilia,Leontine.Othilia@gmail.com,+43 665 3160822
Cyndie,Libna,Cyndie.Libna@gmail.com,+43 692 4296592586
Jackie,Argus,Jackie.Argus@gmail.com,+43 651 0767155
Dari,Prouty,Dari.Prouty@gmail.com,+43 692 9611135126
Alyda,Rurik,Alyda.Rurik@gmail.com,+43 665 729206
Dorothy,Mendez,Dorothy.Mendez@gmail.com,+43 653 6700157269
Raquela,Kannry,Raquela.Kannry@gmail.com,+43 696 3284
Minda,Tjon,Minda.Tjon@gmail.com,+43 683 6092388862
Tierney,Peonir,Tierney.Peonir@gmail.com,+43 659 3667
Evaleen,Evangelia,Evaleen.Evangelia@gmail.com,+43 661 5104678156
Rosaline,Vanni,Rosaline.Vanni@gmail.com,+43 653 0078063
Karly,Regan,Karly.Regan@gmail.com,+43 667 0191570108
Brynna,Rheingold,Brynna.Rheingold@gmail.com,+43 675 12770435
Merci,Lewes,Merci.Lewes@gmail.com,+43 653 5577730502
Jackie,My,Jackie.My@gmail.com,+43 695 7894
Nickie,Helve,Nickie.Helve@gmail.com,+43 653 78383
Halette,Drus,Halette.Drus@gmail.com,+43 686 90046
Annora,Donoghue,Annora.Donoghue@gmail.com,+43 669 36160458
Judy,Imelida,Judy.Imelida@gmail.com,+43 657 28712647
Celene,Cutlerr,Celene.Cutlerr@gmail.com,+43 686 111261025
Ileana,Wooster,Ileana.Wooster@gmail.com,+43 661 7123
Marline,Obed,Marline.Obed@gmail.com,+43 691 80805455
Emmey,Diogenes,Emmey.Diogenes@gmail.com,+43 680 3710587025
Collen,Bach,Collen.Bach@gmail.com,+43 668 3416
Fanchon,Devlen,Fanchon.Devlen@gmail.com,+43 659 9885744785
Kara-Lynn,August,Kara-Lynn.August@gmail.com,+43 651 98685110
Jorry,Vins,Jorry.Vins@gmail.com,+43 657 5661348
Roxane,Rozanna,Roxane.Rozanna@gmail.com,+43 651 64412
Tori,Loeb,Tori.Loeb@gmail.com,+43 676 567344320
Celestyna,Chandler,Celestyna.Chandler@gmail.com,+43 666 275748182
Leontine,Horan,Leontine.Horan@gmail.com,+43 690 26586100
Elmira,Cherianne,Elmira.Cherianne@gmail.com,+43 651 7783851
Tonia,Posner,Tonia.Posner@gmail.com,+43 657 58232
Flo,Dichy,Flo.Dichy@gmail.com,+43 657 2694482
Doro,Ludewig,Doro.Ludewig@gmail.com,+43 659 12869494
Leona,Ciapas,Leona.Ciapas@gmail.com,+43 661 6044
Lisette,Junie,Lisette.Junie@gmail.com,+43 670 26587
Lanna,Juliet,Lanna.Juliet@gmail.com,+43 659 511109
Elbertina,Matthew,Elbertina.Matthew@gmail.com,+43 666 238780
Desirae,Avi,Desirae.Avi@gmail.com,+43 655 7222
Hallie,Eldrid,Hallie.Eldrid@gmail.com,+43 693 15782
Kirstin,Ursulette,Kirstin.Ursulette@gmail.com,+43 657 83436832
Nollie,Denis,Nollie.Denis@gmail.com,+43 668 490421
Vivia,Medrek,Vivia.Medrek@gmail.com,+43 652 505201
Hermione,Phaidra,Hermione.Phaidra@gmail.com,+43 652 6261356
Steffane,Ader,Steffane.Ader@gmail.com,+43 653 23400
Maridel,Zina,Maridel.Zina@gmail.com,+43 664 9321326
Elka,Sacken,Elka.Sacken@gmail.com,+43 661 3628708607
Millie,Joachim,Millie.Joachim@gmail.com,+43 663 8958158252
Philis,Penelopa,Philis.Penelopa@gmail.com,+43 661 415697430
Ingrid,Paine,Ingrid.Paine@gmail.com,+43 682 525103226
Halette,Iiette,Halette.Iiette@gmail.com,+43 665 32028779
Monika,Gemini,Monika.Gemini@gmail.com,+43 653 29116
Annice,Seligman,Annice.Seligman@gmail.com,+43 675 817719
Bill,Simmonds,Bill.Simmonds@gmail.com,+43 665 5812534050
Di,Lymann,Di.Lymann@gmail.com,+43 688 2801
Danny,Sundin,Danny.Sundin@gmail.com,+43 659 62866662
Lesly,Docilla,Lesly.Docilla@gmail.com,+43 695 648802
Yolane,Ariella,Yolane.Ariella@gmail.com,+43 657 9729
Brandise,Dielu,Brandise.Dielu@gmail.com,+43 689 37924663
Jean,Obed,Jean.Obed@gmail.com,+43 667 087717170
Delilah,Maiah,Delilah.Maiah@gmail.com,+43 652 18952
Leeanne,Eachern,Leeanne.Eachern@gmail.com,+43 652 96070955
Merry,Stacy,Merry.Stacy@gmail.com,+43 652 129357249
Sean,Karl,Sean.Karl@gmail.com,+43 675 1597
Ardenia,Lail,Ardenia.Lail@gmail.com,+43 668 02703123
Calla,Raul,Calla.Raul@gmail.com,+43 661 6001108867
Cacilie,Erskine,Cacilie.Erskine@gmail.com,+43 691 45994
Lexine,Robertson,Lexine.Robertson@gmail.com,+43 676 372335857
Glenda,Center,Glenda.Center@gmail.com,+43 666 0076
Rebeca,Kirbee,Rebeca.Kirbee@gmail.com,+43 657 8659524
Janenna,Weinreb,Janenna.Weinreb@gmail.com,+43 671 75001
Edee,Glenden,Edee.Glenden@gmail.com,+43 650 21651
Gerianna,Leopold,Gerianna.Leopold@gmail.com,+43 697 8842968
Cassandra,Henebry,Cassandra.Henebry@gmail.com,+43 681 4055
Lynea,Astra,Lynea.Astra@gmail.com,+43 680 341352433
Cathie,Millda,Cathie.Millda@gmail.com,+43 689 96551
Yolane,Martguerita,Yolane.Martguerita@gmail.com,+43 660 7233
Lynde,Bebe,Lynde.Bebe@gmail.com,+43 685 4705430791
Elfreda,Berl,Elfreda.Berl@gmail.com,+43 667 96703304
Katuscha,Sinegold,Katuscha.Sinegold@gmail.com,+43 672 7492
Winifred,Joli,Winifred.Joli@gmail.com,+43 653 59758
Sue,Francene,Sue.Francene@gmail.com,+43 670 15601243
Caressa,Emanuel,Caressa.Emanuel@gmail.com,+43 650 02067
Jolyn,Morehouse,Jolyn.Morehouse@gmail.com,+43 675 2572
Merrie,Stefa,Merrie.Stefa@gmail.com,+43 668 1944
Celestyna,Si,Celestyna.Si@gmail.com,+43 678 888301
Kassey,Norrie,Kassey.Norrie@gmail.com,+43 653 98103
Monika,Suk,Monika.Suk@gmail.com,+43 689 415242081
Lucille,Kauppi,Lucille.Kauppi@gmail.com,+43 697 9706380
Shannah,Nance,Shannah.Nance@gmail.com,+43 669 439597194
Livvyy,Cath,Livvyy.Cath@gmail.com,+43 664 8141822
Mellicent,Tamsky,Mellicent.Tamsky@gmail.com,+43 657 3015
Reeba,Winnick,Reeba.Winnick@gmail.com,+43 651 63621120
Vonny,Pacorro,Vonny.Pacorro@gmail.com,+43 663 3357613
Merle,Bord,Merle.Bord@gmail.com,+43 661 7964754
Cristabel,Wiener,Cristabel.Wiener@gmail.com,+43 677 7328420491
Dominga,Taima,Dominga.Taima@gmail.com,+43 657 7624937181
Christian,Alva,Christian.Alva@gmail.com,+43 693 28927842
Merle,Boycey,Merle.Boycey@gmail.com,+43 657 063841
Jordan,Margarete,Jordan.Margarete@gmail.com,+43 669 5098446
Angela,Kimmie,Angela.Kimmie@gmail.com,+43 661 49759
Mallory,Wenda,Mallory.Wenda@gmail.com,+43 688 56369
Melodie,Martguerita,Melodie.Martguerita@gmail.com,+43 650 0449
Susan,Kalinda,Susan.Kalinda@gmail.com,+43 694 39157742
Nadine,Lutero,Nadine.Lutero@gmail.com,+43 697 520832245
Elora,Mauer,Elora.Mauer@gmail.com,+43 659 60943743
Karly,Sallyann,Karly.Sallyann@gmail.com,+43 668 6925838621
Joceline,Annabella,Joceline.Annabella@gmail.com,+43 683 21646
Carmela,Ietta,Carmela.Ietta@gmail.com,+43 669 8506218795
Janis,Catie,Janis.Catie@gmail.com,+43 668 97202632
Marti,Modie,Marti.Modie@gmail.com,+43 651 952405034
Bertine,Jotham,Bertine.Jotham@gmail.com,+43 693 5966
Jean,Sigfrid,Jean.Sigfrid@gmail.com,+43 667 820081882
Tera,Rugen,Tera.Rugen@gmail.com,+43 659 3125056783
Cecile,Naor,Cecile.Naor@gmail.com,+43 667 959448378
Kenna,Tjon,Kenna.Tjon@gmail.com,+43 663 38211190
Nollie,O'Rourke,Nollie.O'Rourke@gmail.com,+43 685 4160179779
Rosaline,Ackerley,Rosaline.Ackerley@gmail.com,+43 651 86937
Danika,Muriel,Danika.Muriel@gmail.com,+43 672 282640652
Katleen,Abernon,Katleen.Abernon@gmail.com,+43 651 3447
Molli,Maryanne,Molli.Maryanne@gmail.com,+43 680 2258
Sallie,Gregrory,Sallie.Gregrory@gmail.com,+43 682 6747
Lyssa,Tryck,Lyssa.Tryck@gmail.com,+43 664 321540
Mara,Adamsen,Mara.Adamsen@gmail.com,+43 699 31152189
Caressa,Morgun,Caressa.Morgun@gmail.com,+43 665 692489
Queenie,Elo,Queenie.Elo@gmail.com,+43 680 95675
Genovera,Saree,Genovera.Saree@gmail.com,+43 668 8660191278
Kayla,LaRue,Kayla.LaRue@gmail.com,+43 679 2113292223
Mariele,Gaspard,Mariele.Gaspard@gmail.com,+43 667 784065499
Kaja,Gwenore,Kaja.Gwenore@gmail.com,+43 652 7017590911
Chere,Harl,Chere.Harl@gmail.com,+43 694 9411
Glenda,Jess,Glenda.Jess@gmail.com,+43 652 7548
Meriel,Wesle,Meriel.Wesle@gmail.com,+43 667 59532937
Ekaterina,Holbrook,Ekaterina.Holbrook@gmail.com,+43 657 3815851964
Beverley,Vilma,Beverley.Vilma@gmail.com,+43 669 6101464257
Krystle,Gower,Krystle.Gower@gmail.com,+43 652 3950698850
Ileana,Saree,Ileana.Saree@gmail.com,+43 664 141346745
Tami,Minetta,Tami.Minetta@gmail.com,+43 684 6719823
Stevana,Madaih,Stevana.Madaih@gmail.com,+43 653 7861
Harmonia,Evangelia,Harmonia.Evangelia@gmail.com,+43 699 3530835192
Angela,Torray,Angela.Torray@gmail.com,+43 657 480197562
Lynea,Dunkin,Lynea.Dunkin@gmail.com,+43 653 6007820
Renae,Turne,Renae.Turne@gmail.com,+43 668 5802761
Eugine,Mendez,Eugine.Mendez@gmail.com,+43 669 63668951
Zaria,Haerr,Zaria.Haerr@gmail.com,+43 682 881983
Lulita,Santoro,Lulita.Santoro@gmail.com,+43 694 928078948
Livvyy,Linskey,Livvyy.Linskey@gmail.com,+43 688 29751708
Viki,Garbe,Viki.Garbe@gmail.com,+43 653 328359385
Paola,Faria,Paola.Faria@gmail.com,+43 655 055981
Rochette,Schwejda,Rochette.Schwejda@gmail.com,+43 696 4620978
Monika,Mayeda,Monika.Mayeda@gmail.com,+43 655 839052
Julieta,Ethban,Julieta.Ethban@gmail.com,+43 659 922916776
Bertine,Lail,Bertine.Lail@gmail.com,+43 659 561664
Alyssa,Danby,Alyssa.Danby@gmail.com,+43 684 24069242
Magdalena,Alwin,Magdalena.Alwin@gmail.com,+43 693 11591
Kathi,Junie,Kathi.Junie@gmail.com,+43 669 4195
Aigneis,Eckblad,Aigneis.Eckblad@gmail.com,+43 667 8574932386
Fred,Joni,Fred.Joni@gmail.com,+43 665 960631
Agnese,Ophelia,Agnese.Ophelia@gmail.com,+43 655 548634838
Gaylene,Roche,Gaylene.Roche@gmail.com,+43 651 66434
Lynnea,Audly,Lynnea.Audly@gmail.com,+43 665 8822558201
Aryn,Fry,Aryn.Fry@gmail.com,+43 669 44103363
Esmeralda,Stelle,Esmeralda.Stelle@gmail.com,+43 666 0001234062
Barbi,Poppy,Barbi.Poppy@gmail.com,+43 655 9765565
Nariko,Juan,Nariko.Juan@gmail.com,+43 651 6893
Joleen,Sheng,Joleen.Sheng@gmail.com,+43 665 5942240
Minda,Voletta,Minda.Voletta@gmail.com,+43 691 6571127041
Georgina,Zuzana,Georgina.Zuzana@gmail.com,+43 680 5954775
Kenna,Whiffen,Kenna.Whiffen@gmail.com,+43 668 753130861
Krystle,Diann,Krystle.Diann@gmail.com,+43 665 619245
Fawne,Lymann,Fawne.Lymann@gmail.com,+43 674 446765288
Stevana,Tice,Stevana.Tice@gmail.com,+43 671 11173119
Merci,Leonard,Merci.Leonard@gmail.com,+43 659 93544728
Shannah,Pandolfi,Shannah.Pandolfi@gmail.com,+43 665 9801524204
Nyssa,Annice,Nyssa.Annice@gmail.com,+43 666 63742553
Courtnay,Sallyann,Courtnay.Sallyann@gmail.com,+43 652 099359329
Helsa,Colbert,Helsa.Colbert@gmail.com,+43 650 04772
Alie,Reidar,Alie.Reidar@gmail.com,+43 651 54683
Fawne,Carri,Fawne.Carri@gmail.com,+43 666 12086198
Georgina,Kronfeld,Georgina.Kronfeld@gmail.com,+43 696 5354
Chandra,Loeb,Chandra.Loeb@gmail.com,+43 694 370756
Karina,Saunderson,Karina.Saunderson@gmail.com,+43 653 377071843
Harrietta,Vivle,Harrietta.Vivle@gmail.com,+43 653 656915028
Grier,Erminia,Grier.Erminia@gmail.com,+43 681 5852
Loree,Thunell,Loree.Thunell@gmail.com,+43 660 8572267
Loree,Belldas,Loree.Belldas@gmail.com,+43 686 917238199
Cam,Ricki,Cam.Ricki@gmail.com,+43 653 40323680
Stephanie,Sothena,Stephanie.Sothena@gmail.com,+43 653 514450
Daune,McClimans,Daune.McClimans@gmail.com,+43 669 183419108
Micheline,Stevy,Micheline.Stevy@gmail.com,+43 675 8819
Marline,Infield,Marline.Infield@gmail.com,+43 661 1617053
Maryellen,Adamsen,Maryellen.Adamsen@gmail.com,+43 651 4087446609
Daphne,Goddard,Daphne.Goddard@gmail.com,+43 690 6127416
Morganica,Eben,Morganica.Eben@gmail.com,+43 664 69427859
Etta,Guthrie,Etta.Guthrie@gmail.com,+43 664 2496409
Dorene,Ogren,Dorene.Ogren@gmail.com,+43 667 0829
Vita,Turne,Vita.Turne@gmail.com,+43 666 8547841633
Yetty,Bergman,Yetty.Bergman@gmail.com,+43 650 7895643
Carmencita,Sibyls,Carmencita.Sibyls@gmail.com,+43 651 630931351
Elbertina,Fredi,Elbertina.Fredi@gmail.com,+43 669 027115993
Hallie,Craggie,Hallie.Craggie@gmail.com,+43 652 4018
Ursulina,Duwalt,Ursulina.Duwalt@gmail.com,+43 692 429248
Korrie,Stelle,Korrie.Stelle@gmail.com,+43 660 2850408251
Kirstin,Beebe,Kirstin.Beebe@gmail.com,+43 661 831049
Kerrin,Gert,Kerrin.Gert@gmail.com,+43 650 78458853
Rosanne,Phaidra,Rosanne.Phaidra@gmail.com,+43 661 0948054
Wanda,Anselmi,Wanda.Anselmi@gmail.com,+43 659 3088
Fidelia,Harned,Fidelia.Harned@gmail.com,+43 665 61436791
Melodie,Eben,Melodie.Eben@gmail.com,+43 651 63583897
Oona,Weinreb,Oona.Weinreb@gmail.com,+43 659 183867014
Kaia,Moina,Kaia.Moina@gmail.com,+43 663 277683
June,Giule,June.Giule@gmail.com,+43 698 6587
Celestyna,Atcliffe,Celestyna.Atcliffe@gmail.com,+43 650 0463808
Ingrid,Wallis,Ingrid.Wallis@gmail.com,+43 666 29133
Alleen,Sheedy,Alleen.Sheedy@gmail.com,+43 667 6228162209
Sonni,Erich,Sonni.Erich@gmail.com,+43 682 7205009324
Vivia,Rese,Vivia.Rese@gmail.com,+43 664 49016
Carolina,Dielu,Carolina.Dielu@gmail.com,+43 676 7552
Eve,Kat,Eve.Kat@gmail.com,+43 655 5664
Helena,Kalinda,Helena.Kalinda@gmail.com,+43 657 1326718
Marcy,Dimitris,Marcy.Dimitris@gmail.com,+43 667 2078060617
Magdalena,Bakerman,Magdalena.Bakerman@gmail.com,+43 655 48563
Pollyanna,Leary,Pollyanna.Leary@gmail.com,+43 652 6400074038
Ada,Ader,Ada.Ader@gmail.com,+43 691 75573
Lucille,Afton,Lucille.Afton@gmail.com,+43 692 204781
Meg,Japeth,Meg.Japeth@gmail.com,+43 659 78444
Andeee,Tacye,Andeee.Tacye@gmail.com,+43 695 4647338
Nadine,Fancie,Nadine.Fancie@gmail.com,+43 673 3024411291
Lanae,Nikaniki,Lanae.Nikaniki@gmail.com,+43 677 755585893
Andree,Borrell,Andree.Borrell@gmail.com,+43 655 591102
Selma,Baudin,Selma.Baudin@gmail.com,+43 680 83537549
Marcelline,Ulphia,Marcelline.Ulphia@gmail.com,+43 665 46115938
Eugine,Meter,Eugine.Meter@gmail.com,+43 669 5448277
Norine,Ventre,Norine.Ventre@gmail.com,+43 655 1146
Minne,Thema,Minne.Thema@gmail.com,+43 682 0135
Kary,Billye,Kary.Billye@gmail.com,+43 667 172372565
Christy,Edmund,Christy.Edmund@gmail.com,+43 653 5528
Merry,Jacobah,Merry.Jacobah@gmail.com,+43 651 63518803
Kathi,Audly,Kathi.Audly@gmail.com,+43 650 4918980401
Daphne,Ferrell,Daphne.Ferrell@gmail.com,+43 672 45355024
Corry,Franza,Corry.Franza@gmail.com,+43 673 1942
Siana,Monaco,Siana.Monaco@gmail.com,+43 665 451956
Kristan,Kamaria,Kristan.Kamaria@gmail.com,+43 660 144932
Chloris,Mata,Chloris.Mata@gmail.com,+43 684 4698054644
Deane,Thema,Deane.Thema@gmail.com,+43 653 8363
Linet,Telfer,Linet.Telfer@gmail.com,+43 669 5344897
Therine,Hieronymus,Therine.Hieronymus@gmail.com,+43 690 541353065
Sidoney,Delila,Sidoney.Delila@gmail.com,+43 655 12412
Krystle,Erich,Krystle.Erich@gmail.com,+43 677 0343
Lelah,Belanger,Lelah.Belanger@gmail.com,+43 657 7886682809
Ayn,Idelia,Ayn.Idelia@gmail.com,+43 681 23460
Karena,Secrest,Karena.Secrest@gmail.com,+43 669 876823031
Bettine,Lewes,Bettine.Lewes@gmail.com,+43 666 5888297751
Renae,Pascia,Renae.Pascia@gmail.com,+43 657 2475906530
Calla,Gilmour,Calla.Gilmour@gmail.com,+43 653 9474351
Leanna,Susannah,Leanna.Susannah@gmail.com,+43 680 4885675246
Krystle,Septima,Krystle.Septima@gmail.com,+43 663 7544894168
Merle,Erminia,Merle.Erminia@gmail.com,+43 665 74251
Jerry,Goddard,Jerry.Goddard@gmail.com,+43 659 3183
Farrah,Yam,Farrah.Yam@gmail.com,+43 661 20760
Gavrielle,Geffner,Gavrielle.Geffner@gmail.com,+43 666 563952347
Dolli,Gombach,Dolli.Gombach@gmail.com,+43 697 4601
Ebonee,Melan,Ebonee.Melan@gmail.com,+43 699 3040699359
Sashenka,Georgy,Sashenka.Georgy@gmail.com,+43 659 3990
Myrtice,Land,Myrtice.Land@gmail.com,+43 657 2479
Hollie,Gwenore,Hollie.Gwenore@gmail.com,+43 679 6654117
Janeczka,Pauly,Janeczka.Pauly@gmail.com,+43 660 9222602
Janis,Whiffen,Janis.Whiffen@gmail.com,+43 660 2305250
Imojean,Kravits,Imojean.Kravits@gmail.com,+43 660 57540
Sashenka,Fiann,Sashenka.Fiann@gmail.com,+43 688 6385400
Yetty,Daniele,Yetty.Daniele@gmail.com,+43 692 4938
Carolina,Wiener,Carolina.Wiener@gmail.com,+43 653 9628157876
Elka,Junie,Elka.Junie@gmail.com,+43 651 1894234201
Winny,Roscoe,Winny.Roscoe@gmail.com,+43 650 73074226
Bobbi,Si,Bobbi.Si@gmail.com,+43 657 138155
Lulita,Andrel,Lulita.Andrel@gmail.com,+43 675 3632967255
Mignon,Ashely,Mignon.Ashely@gmail.com,+43 663 863840
Lusa,Lucienne,Lusa.Lucienne@gmail.com,+43 664 4965818
Karlee,Hoban,Karlee.Hoban@gmail.com,+43 672 61814902
Regina,Lumbard,Regina.Lumbard@gmail.com,+43 652 3884204
Lily,Konyn,Lily.Konyn@gmail.com,+43 652 9957
Morganica,Christal,Morganica.Christal@gmail.com,+43 650 3808899450
Ileana,Oscar,Ileana.Oscar@gmail.com,+43 664 85046952
Lila,Croix,Lila.Croix@gmail.com,+43 651 51056870
Beatriz,Loeb,Beatriz.Loeb@gmail.com,+43 660 6251650
Aigneis,Damarra,Aigneis.Damarra@gmail.com,+43 659 1811
Lynde,Francyne,Lynde.Francyne@gmail.com,+43 668 9774374
Aigneis,Shuler,Aigneis.Shuler@gmail.com,+43 690 597018
Ronna,Amadas,Ronna.Amadas@gmail.com,+43 661 282180
Gaylene,Reneta,Gaylene.Reneta@gmail.com,+43 692 67257
Frances,Han,Frances.Han@gmail.com,+43 668 2656198155
Alleen,Juliet,Alleen.Juliet@gmail.com,+43 650 4881978095
Adore,Kolnick,Adore.Kolnick@gmail.com,+43 695 8529060
Charlena,Adalbert,Charlena.Adalbert@gmail.com,+43 661 076274087
Georgina,Tristram,Georgina.Tristram@gmail.com,+43 664 543721
Riannon,Yerkovich,Riannon.Yerkovich@gmail.com,+43 663 8069205037
Ana,Delp,Ana.Delp@gmail.com,+43 650 754705
Aryn,Boehike,Aryn.Boehike@gmail.com,+43 677 3079951695
Celene,Hachmin,Celene.Hachmin@gmail.com,+43 667 41190120
Jeanna,August,Jeanna.August@gmail.com,+43 694 5794
Sashenka,Grosz,Sashenka.Grosz@gmail.com,+43 659 0050428330
Margalo,Marlie,Margalo.Marlie@gmail.com,+43 671 63641223
Daphne,Kravits,Daphne.Kravits@gmail.com,+43 668 5952856437
Chere,Madaih,Chere.Madaih@gmail.com,+43 686 5742799
Melanie,Lane,Melanie.Lane@gmail.com,+43 684 3072
Mignon,Erskine,Mignon.Erskine@gmail.com,+43 663 984843527
Susette,Korey,Susette.Korey@gmail.com,+43 675 255308
Meriel,Isacco,Meriel.Isacco@gmail.com,+43 660 8829113
Meghann,Audly,Meghann.Audly@gmail.com,+43 664 2427824266
Wynne,Bearnard,Wynne.Bearnard@gmail.com,+43 663 126098320
Darci,Birdella,Darci.Birdella@gmail.com,+43 652 2388403
Delilah,Kronfeld,Delilah.Kronfeld@gmail.com,+43 657 1835561172
Mellicent,Cohdwell,Mellicent.Cohdwell@gmail.com,+43 684 0921538751
Frank,Thunell,Frank.Thunell@gmail.com,+43 652 7529103
Cassondra,Yorick,Cassondra.Yorick@gmail.com,+43 693 9205789698
Atlanta,Sacken,Atlanta.Sacken@gmail.com,+43 668 46335221
Cathyleen,Hirsch,Cathyleen.Hirsch@gmail.com,+43 651 036361
Ebonee,Tacye,Ebonee.Tacye@gmail.com,+43 657 9178904
Fernande,Abbot,Fernande.Abbot@gmail.com,+43 693 5814
Leanna,Mintz,Leanna.Mintz@gmail.com,+43 689 673571
Trudie,Orpah,Trudie.Orpah@gmail.com,+43 667 1384855
Gerianna,Cristi,Gerianna.Cristi@gmail.com,+43 663 4836823517
Nicoli,Joachim,Nicoli.Joachim@gmail.com,+43 669 230762
Shandie,Martsen,Shandie.Martsen@gmail.com,+43 663 7778
Joy,Margarete,Joy.Margarete@gmail.com,+43 687 6194376132
Melina,Peti,Melina.Peti@gmail.com,+43 660 82800370
Trixi,Chapland,Trixi.Chapland@gmail.com,+43 655 322143301
Elise,Wilona,Elise.Wilona@gmail.com,+43 667 7083
Gwyneth,Korey,Gwyneth.Korey@gmail.com,+43 667 1092130
Talya,Braun,Talya.Braun@gmail.com,+43 665 02381
Allyce,Talia,Allyce.Talia@gmail.com,+43 661 362825688
Orelia,Garek,Orelia.Garek@gmail.com,+43 657 25748724
Lauryn,Ingra,Lauryn.Ingra@gmail.com,+43 651 2097
Orsola,Roumell,Orsola.Roumell@gmail.com,+43 653 872377120
Correy,Lipson,Correy.Lipson@gmail.com,+43 670 97613937
Aigneis,Sophronia,Aigneis.Sophronia@gmail.com,+43 674 26328529
Ottilie,Seumas,Ottilie.Seumas@gmail.com,+43 669 38640430
Andree,Garrison,Andree.Garrison@gmail.com,+43 661 90378
Delilah,Han,Delilah.Han@gmail.com,+43 692 63966
Brena,Trace,Brena.Trace@gmail.com,+43 671 46859
Gavrielle,Koziara,Gavrielle.Koziara@gmail.com,+43 659 626856948
Lory,Lilybelle,Lory.Lilybelle@gmail.com,+43 652 11687
Carol-Jean,Imelida,Carol-Jean.Imelida@gmail.com,+43 666 92174231
Cam,Iaverne,Cam.Iaverne@gmail.com,+43 663 292399846
Jenda,Odysseus,Jenda.Odysseus@gmail.com,+43 670 411340707
Helena,McClimans,Helena.McClimans@gmail.com,+43 650 274097
Carol-Jean,Tufts,Carol-Jean.Tufts@gmail.com,+43 652 0698
Myrtice,Wyn,Myrtice.Wyn@gmail.com,+43 666 01271209
Alejandra,Wittie,Alejandra.Wittie@gmail.com,+43 660 27213
Dorthy,Kermit,Dorthy.Kermit@gmail.com,+43 685 191387352
Fanchon,Bergman,Fanchon.Bergman@gmail.com,+43 663 37216
Evita,Noelyn,Evita.Noelyn@gmail.com,+43 650 189906197
Mathilda,Erminia,Mathilda.Erminia@gmail.com,+43 675 0236695860
Mady,Sekofski,Mady.Sekofski@gmail.com,+43 655 377899338
Ashlee,Silvan,Ashlee.Silvan@gmail.com,+43 653 8714561
Glynnis,Rossner,Glynnis.Rossner@gmail.com,+43 697 8890
Merci,Posner,Merci.Posner@gmail.com,+43 660 33901100
Lucy,Schlosser,Lucy.Schlosser@gmail.com,+43 651 1009087
Ariela,Mehalek,Ariela.Mehalek@gmail.com,+43 667 778916
Hyacinthe,Johnsson,Hyacinthe.Johnsson@gmail.com,+43 650 951949
Modestia,Dermott,Modestia.Dermott@gmail.com,+43 657 83525
Raf,Plato,Raf.Plato@gmail.com,+43 653 4955085
Briney,Decato,Briney.Decato@gmail.com,+43 668 0429328
Janeczka,Stanwood,Janeczka.Stanwood@gmail.com,+43 650 983494580
Lanae,Bakerman,Lanae.Bakerman@gmail.com,+43 667 378270
Giustina,Suzetta,Giustina.Suzetta@gmail.com,+43 680 244808
Jan,Felecia,Jan.Felecia@gmail.com,+43 669 18416
Sheelagh,Hachmin,Sheelagh.Hachmin@gmail.com,+43 660 4468
Tami,Lareena,Tami.Lareena@gmail.com,+43 668 056353826
Margalo,Bouchard,Margalo.Bouchard@gmail.com,+43 698 38510
Joelly,Maisey,Joelly.Maisey@gmail.com,+43 684 56217658
Chickie,Lutero,Chickie.Lutero@gmail.com,+43 669 266792432
Ashlee,Bury,Ashlee.Bury@gmail.com,+43 667 2682
Beatriz,Trey,Beatriz.Trey@gmail.com,+43 698 256551
Merci,Flyn,Merci.Flyn@gmail.com,+43 655 7050
Meriel,Penelopa,Meriel.Penelopa@gmail.com,+43 660 696842532
Evita,Ahab,Evita.Ahab@gmail.com,+43 665 5096377
Mellicent,Suk,Mellicent.Suk@gmail.com,+43 652 2676165632
Darci,Hailee,Darci.Hailee@gmail.com,+43 657 34944482
Jessy,Keily,Jessy.Keily@gmail.com,+43 663 5142595898
Albertina,Lail,Albertina.Lail@gmail.com,+43 678 334019339
Ileana,Milson,Ileana.Milson@gmail.com,+43 685 6769303
Mariele,Lowry,Mariele.Lowry@gmail.com,+43 671 9453
Diena,Timon,Diena.Timon@gmail.com,+43 666 723785851
Mariele,Maryanne,Mariele.Maryanne@gmail.com,+43 653 9585041257
Ronna,Dalli,Ronna.Dalli@gmail.com,+43 699 951132
Sam,Rebecka,Sam.Rebecka@gmail.com,+43 657 30796
Rubie,Meter,Rubie.Meter@gmail.com,+43 668 5294043
Blake,Vacuva,Blake.Vacuva@gmail.com,+43 664 644095477
Celisse,Arathorn,Celisse.Arathorn@gmail.com,+43 665 2924
Britte,Allina,Britte.Allina@gmail.com,+43 689 4187122
Nataline,Hedve,Nataline.Hedve@gmail.com,+43 657 542659669
Jan,Lewes,Jan.Lewes@gmail.com,+43 653 3755746
Gretal,Lacombe,Gretal.Lacombe@gmail.com,+43 665 234780
Madalyn,Gordon,Madalyn.Gordon@gmail.com,+43 689 0820931876
Fernande,Ochs,Fernande.Ochs@gmail.com,+43 657 48496179
