firstname,lastname,email
Kimberley,Edmund,Kimberley.Edmund@gmail.com
Molli,Cath,Molli.Cath@gmail.com
Meg,Lumbard,Meg.Lumbard@gmail.com
Gloria,Sibyls,Gloria.Sibyls@gmail.com
Rhea,Kussell,Rhea.Kussell@gmail.com
Mallory,Love,Mallory.Love@gmail.com
Damaris,Juliet,Damaris.Juliet@gmail.com
Courtnay,Papageno,Courtnay.Papageno@gmail.com
Miquela,Bevin,Miquela.Bevin@gmail.com
Viviene,Jeanne,Viviene.Jeanne@gmail.com
Arabel,Raychel,Arabel.Raychel@gmail.com
Margette,Sheng,Margette.Sheng@gmail.com
Kimberley,Dulciana,Kimberley.Dulciana@gmail.com
Neila,Hieronymus,Neila.Hieronymus@gmail.com
Jeanna,Reneta,Jeanna.Reneta@gmail.com
Myrtice,Winthorpe,Myrtice.Winthorpe@gmail.com
Almeta,Cordi,Almeta.Cordi@gmail.com
Belva,Tjon,Belva.Tjon@gmail.com
Georgina,Janith,Georgina.Janith@gmail.com
Roxane,Slifka,Roxane.Slifka@gmail.com
Dede,Armanda,Dede.Armanda@gmail.com
Lindie,Wilkinson,Lindie.Wilkinson@gmail.com
Stevana,Thema,Stevana.Thema@gmail.com
Doralynne,Wiener,Doralynne.Wiener@gmail.com
Vinita,Lorain,Vinita.Lorain@gmail.com
Libbie,Montgomery,Libbie.Montgomery@gmail.com
Annice,Dimitris,Annice.Dimitris@gmail.com
Briney,Gilbertson,Briney.Gilbertson@gmail.com
Dorthy,Sidonius,Dorthy.Sidonius@gmail.com
Jean,Ferrell,Jean.Ferrell@gmail.com
Zaria,Macey,Zaria.Macey@gmail.com
Rayna,Winthorpe,Rayna.Winthorpe@gmail.com
Minda,Barbey,Minda.Barbey@gmail.com
Marguerite,Maples,Marguerite.Maples@gmail.com
Tani,Noman,Tani.Noman@gmail.com
Modestia,Wind,Modestia.Wind@gmail.com
Rosabelle,Bergman,Rosabelle.Bergman@gmail.com
Fayre,Rillings,Fayre.Rillings@gmail.com
Brana,Faro,Brana.Faro@gmail.com
Nanete,Firmin,Nanete.Firmin@gmail.com
Trixi,Bendick,Trixi.Bendick@gmail.com
Minne,Tufts,Minne.Tufts@gmail.com
Daryl,Juliet,Daryl.Juliet@gmail.com
Laurene,Francyne,Laurene.Francyne@gmail.com
Wynne,Loeb,Wynne.Loeb@gmail.com
Kary,Beebe,Kary.Beebe@gmail.com
Myrtice,Ethban,Myrtice.Ethban@gmail.com
Robbi,Killigrew,Robbi.Killigrew@gmail.com
Hannis,Lunsford,Hannis.Lunsford@gmail.com
Zondra,Bendick,Zondra.Bendick@gmail.com
Gisela,Zamora,Gisela.Zamora@gmail.com
Dulce,Cookie,Dulce.Cookie@gmail.com
Lulita,Pitt,Lulita.Pitt@gmail.com
Sonni,Phi,Sonni.Phi@gmail.com
Shel,Yusuk,Shel.Yusuk@gmail.com
Latisha,Amethist,Latisha.Amethist@gmail.com
Chastity,Luhe,Chastity.Luhe@gmail.com
Bernardine,Fredi,Bernardine.Fredi@gmail.com
Elfreda,Vins,Elfreda.Vins@gmail.com
Katharina,Wattenberg,Katharina.Wattenberg@gmail.com
Loree,Velick,Loree.Velick@gmail.com
Bertine,Margret,Bertine.Margret@gmail.com
Farrah,Lareena,Farrah.Lareena@gmail.com
Dania,Phaidra,Dania.Phaidra@gmail.com
Gusty,Lory,Gusty.Lory@gmail.com
Ermengarde,Rooney,Ermengarde.Rooney@gmail.com
Roberta,Elephus,Roberta.Elephus@gmail.com
Elise,Daegal,Elise.Daegal@gmail.com
Lorenza,Prouty,Lorenza.Prouty@gmail.com
Starla,Alfons,Starla.Alfons@gmail.com
Penelopa,LaRue,Penelopa.LaRue@gmail.com
Ericka,Kimmie,Ericka.Kimmie@gmail.com
Frieda,Aaberg,Frieda.Aaberg@gmail.com
Stephanie,Leifeste,Stephanie.Leifeste@gmail.com
Patricia,Merat,Patricia.Merat@gmail.com
Ronna,Dielu,Ronna.Dielu@gmail.com
Selma,Vary,Selma.Vary@gmail.com
Amii,Charmine,Amii.Charmine@gmail.com
Lynde,Aaberg,Lynde.Aaberg@gmail.com
Dotty,Kazimir,Dotty.Kazimir@gmail.com
Anallese,Byrne,Anallese.Byrne@gmail.com
Babita,Adlare,Babita.Adlare@gmail.com
Jere,Faro,Jere.Faro@gmail.com
Sara-Ann,Magnolia,Sara-Ann.Magnolia@gmail.com
Chandra,Adalbert,Chandra.Adalbert@gmail.com
Fidelia,Kinnard,Fidelia.Kinnard@gmail.com
Alejandra,Bakerman,Alejandra.Bakerman@gmail.com
Wendi,Ardra,Wendi.Ardra@gmail.com
Jennica,Anis,Jennica.Anis@gmail.com
Petronia,Yerkovich,Petronia.Yerkovich@gmail.com
Bibby,Holbrook,Bibby.Holbrook@gmail.com
Emylee,Kronfeld,Emylee.Kronfeld@gmail.com
Valli,Bebe,Valli.Bebe@gmail.com
Iseabal,Sheng,Iseabal.Sheng@gmail.com
Tracey,Ardra,Tracey.Ardra@gmail.com
June,Wildermuth,June.Wildermuth@gmail.com
Rebeca,Loeb,Rebeca.Loeb@gmail.com
Orelia,Mata,Orelia.Mata@gmail.com
Korrie,Lindemann,Korrie.Lindemann@gmail.com
Marylou,Angelis,Marylou.Angelis@gmail.com
Dode,Hewitt,Dode.Hewitt@gmail.com
Carol-Jean,Raimondo,Carol-Jean.Raimondo@gmail.com
Beth,Drisko,Beth.Drisko@gmail.com
Annaliese,Sophronia,Annaliese.Sophronia@gmail.com
Ursulina,Marden,Ursulina.Marden@gmail.com
Nelle,Aurelio,Nelle.Aurelio@gmail.com
Dorice,Love,Dorice.Love@gmail.com
Sarette,Lucienne,Sarette.Lucienne@gmail.com
Olwen,Jefferey,Olwen.Jefferey@gmail.com
Cordi,Monaco,Cordi.Monaco@gmail.com
Mariann,Nunci,Mariann.Nunci@gmail.com
Lauryn,Argus,Lauryn.Argus@gmail.com
Ernesta,Malanie,Ernesta.Malanie@gmail.com
Joane,Tristram,Joane.Tristram@gmail.com
Harrietta,Maxi,Harrietta.Maxi@gmail.com
Jolyn,Nea,Jolyn.Nea@gmail.com
Gertrud,Tiffa,Gertrud.Tiffa@gmail.com
Elvira,Pulsifer,Elvira.Pulsifer@gmail.com
Christy,Nikaniki,Christy.Nikaniki@gmail.com
Anallese,Marsden,Anallese.Marsden@gmail.com
Livvyy,Berne,Livvyy.Berne@gmail.com
Annora,Jorgan,Annora.Jorgan@gmail.com
Lesly,Alisia,Lesly.Alisia@gmail.com
Tori,Birdella,Tori.Birdella@gmail.com
Tomasina,Daniele,Tomasina.Daniele@gmail.com
Pierette,Madelene,Pierette.Madelene@gmail.com
Adriana,Israeli,Adriana.Israeli@gmail.com
Frieda,Zola,Frieda.Zola@gmail.com
Emilia,Maples,Emilia.Maples@gmail.com
Elora,Gladstone,Elora.Gladstone@gmail.com
Reeba,Stephie,Reeba.Stephie@gmail.com
Fredericka,Bearnard,Fredericka.Bearnard@gmail.com
Miquela,Eliathas,Miquela.Eliathas@gmail.com
Giustina,Cadmar,Giustina.Cadmar@gmail.com
Marinna,Charity,Marinna.Charity@gmail.com
Carlie,Paton,Carlie.Paton@gmail.com
Blake,Minetta,Blake.Minetta@gmail.com
Marline,Tacye,Marline.Tacye@gmail.com
Kenna,Ailyn,Kenna.Ailyn@gmail.com
Susette,Scammon,Susette.Scammon@gmail.com
Elora,Fairweather,Elora.Fairweather@gmail.com
Steffane,Westphal,Steffane.Westphal@gmail.com
Melodie,Chem,Melodie.Chem@gmail.com
Donnie,Maiah,Donnie.Maiah@gmail.com
Sharai,Allina,Sharai.Allina@gmail.com
Kathy,Fulmer,Kathy.Fulmer@gmail.com
Almeta,Euridice,Almeta.Euridice@gmail.com
Shaylyn,Gahl,Shaylyn.Gahl@gmail.com
Leona,Eachern,Leona.Eachern@gmail.com
Dale,Jalbert,Dale.Jalbert@gmail.com
Glynnis,Judye,Glynnis.Judye@gmail.com
Cam,Bronk,Cam.Bronk@gmail.com
Genovera,Alfons,Genovera.Alfons@gmail.com
Luci,McNully,Luci.McNully@gmail.com
Ardys,Kermit,Ardys.Kermit@gmail.com
Darci,Susannah,Darci.Susannah@gmail.com
Florie,Evangelia,Florie.Evangelia@gmail.com
Bobinette,Ahab,Bobinette.Ahab@gmail.com
Luci,Nadia,Luci.Nadia@gmail.com
Marguerite,Norvol,Marguerite.Norvol@gmail.com
Max,Frendel,Max.Frendel@gmail.com
Justinn,Thornburg,Justinn.Thornburg@gmail.com
Shaylyn,Ezar,Shaylyn.Ezar@gmail.com
Leia,Hoban,Leia.Hoban@gmail.com
Margette,Phaidra,Margette.Phaidra@gmail.com
Olwen,Bow,Olwen.Bow@gmail.com
Annaliese,Heisel,Annaliese.Heisel@gmail.com
Corina,Gaynor,Corina.Gaynor@gmail.com
Yetty,Gregrory,Yetty.Gregrory@gmail.com
Eadie,Ellerey,Eadie.Ellerey@gmail.com
Jenda,Rebecka,Jenda.Rebecka@gmail.com
Elise,Thomasina,Elise.Thomasina@gmail.com
Tierney,Mathilde,Tierney.Mathilde@gmail.com
Mildrid,Sherfield,Mildrid.Sherfield@gmail.com
Gusella,Rillings,Gusella.Rillings@gmail.com
Janis,Decato,Janis.Decato@gmail.com
Oralee,Posner,Oralee.Posner@gmail.com
Rebeca,Solitta,Rebeca.Solitta@gmail.com
Hope,Vary,Hope.Vary@gmail.com
Gavrielle,Fairweather,Gavrielle.Fairweather@gmail.com
Yolane,Fontana,Yolane.Fontana@gmail.com
Maud,Bultman,Maud.Bultman@gmail.com
Ivett,Bettine,Ivett.Bettine@gmail.com
Albertina,Destinee,Albertina.Destinee@gmail.com
Nessie,Eno,Nessie.Eno@gmail.com
Corly,Dorothy,Corly.Dorothy@gmail.com
Rebeca,Fry,Rebeca.Fry@gmail.com
Rosaline,Alexandr,Rosaline.Alexandr@gmail.com
Jobi,Glovsky,Jobi.Glovsky@gmail.com
Eolanda,Couture,Eolanda.Couture@gmail.com
Elsie,Rubie,Elsie.Rubie@gmail.com
Amii,Eno,Amii.Eno@gmail.com
Madeleine,Hartnett,Madeleine.Hartnett@gmail.com
Marguerite,Erskine,Marguerite.Erskine@gmail.com
Jeanna,Francene,Jeanna.Francene@gmail.com
Ana,Orpah,Ana.Orpah@gmail.com
Darci,Frodi,Darci.Frodi@gmail.com
Gui,Mich,Gui.Mich@gmail.com
Cecile,Abbot,Cecile.Abbot@gmail.com
Miquela,Schonfeld,Miquela.Schonfeld@gmail.com
Clarice,Mehalek,Clarice.Mehalek@gmail.com
Sonni,Blake,Sonni.Blake@gmail.com
Demetris,Kelula,Demetris.Kelula@gmail.com
Vinita,Darian,Vinita.Darian@gmail.com
Malina,Avi,Malina.Avi@gmail.com
Carmencita,Shanley,Carmencita.Shanley@gmail.com
Annora,Erb,Annora.Erb@gmail.com
Britni,Dalli,Britni.Dalli@gmail.com
Neila,Milson,Neila.Milson@gmail.com
Raina,Elephus,Raina.Elephus@gmail.com
Chickie,Norrie,Chickie.Norrie@gmail.com
Arlina,Orpah,Arlina.Orpah@gmail.com
Raquela,Naor,Raquela.Naor@gmail.com
Steffane,Voletta,Steffane.Voletta@gmail.com
Dacia,Pettiford,Dacia.Pettiford@gmail.com
Liana,Bluh,Liana.Bluh@gmail.com
Betta,Payson,Betta.Payson@gmail.com
Ana,Kosey,Ana.Kosey@gmail.com
Nyssa,Rocray,Nyssa.Rocray@gmail.com
Jany,Muriel,Jany.Muriel@gmail.com
Penelopa,Anderea,Penelopa.Anderea@gmail.com
Mathilda,Carmena,Mathilda.Carmena@gmail.com
Rosaline,Friede,Rosaline.Friede@gmail.com
Florie,Berl,Florie.Berl@gmail.com
Cissiee,Noelyn,Cissiee.Noelyn@gmail.com
Alleen,Papageno,Alleen.Papageno@gmail.com
Janis,Si,Janis.Si@gmail.com
Hollie,Wareing,Hollie.Wareing@gmail.com
Marylou,Shuler,Marylou.Shuler@gmail.com
Elie,August,Elie.August@gmail.com
Rani,Tannie,Rani.Tannie@gmail.com
Madelle,Klemperer,Madelle.Klemperer@gmail.com
Emmey,Madox,Emmey.Madox@gmail.com
Helena,An,Helena.An@gmail.com
Tressa,Cadmar,Tressa.Cadmar@gmail.com
Alex,Charmine,Alex.Charmine@gmail.com
Vere,Abbot,Vere.Abbot@gmail.com
Miquela,Birdella,Miquela.Birdella@gmail.com
Rozele,Firmin,Rozele.Firmin@gmail.com
Babita,Meter,Babita.Meter@gmail.com
Charissa,Ummersen,Charissa.Ummersen@gmail.com
Letizia,Sherrie,Letizia.Sherrie@gmail.com
Melina,Cullin,Melina.Cullin@gmail.com
Cacilie,Larochelle,Cacilie.Larochelle@gmail.com
Antonietta,Holtz,Antonietta.Holtz@gmail.com
Lucy,Roarke,Lucy.Roarke@gmail.com
Marcy,Solitta,Marcy.Solitta@gmail.com
Madalyn,Jaylene,Madalyn.Jaylene@gmail.com
Miquela,Ivens,Miquela.Ivens@gmail.com
Arlena,Sprage,Arlena.Sprage@gmail.com
Sashenka,Toor,Sashenka.Toor@gmail.com
Dennie,Saree,Dennie.Saree@gmail.com
Florencia,Maroney,Florencia.Maroney@gmail.com
Aubrie,Brenn,Aubrie.Brenn@gmail.com
Kenna,Cornelia,Kenna.Cornelia@gmail.com
Jasmina,Velick,Jasmina.Velick@gmail.com
Devina,Sophronia,Devina.Sophronia@gmail.com
Katharina,Brian,Katharina.Brian@gmail.com
Dianemarie,Paine,Dianemarie.Paine@gmail.com
Eve,Carey,Eve.Carey@gmail.com
Perry,Wilkinson,Perry.Wilkinson@gmail.com
Jobi,Gower,Jobi.Gower@gmail.com
Rayna,Glenden,Rayna.Glenden@gmail.com
Vanessa,Ashok,Vanessa.Ashok@gmail.com
Flo,Suzetta,Flo.Suzetta@gmail.com
Gaylene,Alejoa,Gaylene.Alejoa@gmail.com
Sallie,Ehrman,Sallie.Ehrman@gmail.com
Carmela,Tound,Carmela.Tound@gmail.com
Ofilia,Amadas,Ofilia.Amadas@gmail.com
Ayn,Gabrielli,Ayn.Gabrielli@gmail.com
Anallese,Joeann,Anallese.Joeann@gmail.com
Dania,Prober,Dania.Prober@gmail.com
Daphne,Wolfgram,Daphne.Wolfgram@gmail.com
Siana,Docilla,Siana.Docilla@gmail.com
Viki,Junie,Viki.Junie@gmail.com
Jolyn,Auberbach,Jolyn.Auberbach@gmail.com
Christy,Felecia,Christy.Felecia@gmail.com
Gale,Norvol,Gale.Norvol@gmail.com
Kimmy,Kendrick,Kimmy.Kendrick@gmail.com
Binny,Cyrie,Binny.Cyrie@gmail.com
Louella,Tannie,Louella.Tannie@gmail.com
Madalyn,Florina,Madalyn.Florina@gmail.com
Karolina,Cleavland,Karolina.Cleavland@gmail.com
Hyacinthe,Sherfield,Hyacinthe.Sherfield@gmail.com
Pearline,Dex,Pearline.Dex@gmail.com
Dagmar,Denis,Dagmar.Denis@gmail.com
Sandie,Ries,Sandie.Ries@gmail.com
Minda,Daveta,Minda.Daveta@gmail.com
Elise,Romelda,Elise.Romelda@gmail.com
Sashenka,Masao,Sashenka.Masao@gmail.com
Genovera,Poppy,Genovera.Poppy@gmail.com
Janey,Marlie,Janey.Marlie@gmail.com
Sherrie,Gladstone,Sherrie.Gladstone@gmail.com
Chrystel,Pelagias,Chrystel.Pelagias@gmail.com
Nyssa,Travax,Nyssa.Travax@gmail.com
Mathilda,Haldas,Mathilda.Haldas@gmail.com
Gavrielle,Glenden,Gavrielle.Glenden@gmail.com
Bee,Raychel,Bee.Raychel@gmail.com
Chastity,Lilas,Chastity.Lilas@gmail.com
Fanchon,Duwalt,Fanchon.Duwalt@gmail.com
Annice,Quinn,Annice.Quinn@gmail.com
Maryellen,Brotherson,Maryellen.Brotherson@gmail.com
Allis,Aprile,Allis.Aprile@gmail.com
Silvana,Ortrude,Silvana.Ortrude@gmail.com
Larine,Lynn,Larine.Lynn@gmail.com
Elena,Niccolo,Elena.Niccolo@gmail.com
Renae,Noam,Renae.Noam@gmail.com
Gratia,Munn,Gratia.Munn@gmail.com
Roberta,Nore,Roberta.Nore@gmail.com
Marline,Dituri,Marline.Dituri@gmail.com
Keelia,Alarise,Keelia.Alarise@gmail.com
Dorothy,Kamaria,Dorothy.Kamaria@gmail.com
Mara,Seumas,Mara.Seumas@gmail.com
Steffane,Pierette,Steffane.Pierette@gmail.com
Jennica,Harday,Jennica.Harday@gmail.com
Leeanne,Pyle,Leeanne.Pyle@gmail.com
Camile,Toor,Camile.Toor@gmail.com
Berta,Carri,Berta.Carri@gmail.com
Jan,Tamar,Jan.Tamar@gmail.com
Drucie,Carleen,Drucie.Carleen@gmail.com
Sibella,Bettine,Sibella.Bettine@gmail.com
Pierette,Ashely,Pierette.Ashely@gmail.com
Alejandra,Fennessy,Alejandra.Fennessy@gmail.com
Tiffie,Thad,Tiffie.Thad@gmail.com
Caritta,Belldas,Caritta.Belldas@gmail.com
Jacquetta,Seligman,Jacquetta.Seligman@gmail.com
Thalia,Tamar,Thalia.Tamar@gmail.com
Dorice,Swanhildas,Dorice.Swanhildas@gmail.com
Kial,Anselmi,Kial.Anselmi@gmail.com
Tani,Halsey,Tani.Halsey@gmail.com
Tabbatha,Niccolo,Tabbatha.Niccolo@gmail.com
Ada,Brady,Ada.Brady@gmail.com
Fawne,Brenn,Fawne.Brenn@gmail.com
Kathy,Muriel,Kathy.Muriel@gmail.com
Antonietta,Raul,Antonietta.Raul@gmail.com
Nataline,Salvidor,Nataline.Salvidor@gmail.com
Sybille,Tamsky,Sybille.Tamsky@gmail.com
Queenie,Durante,Queenie.Durante@gmail.com
Tani,Arquit,Tani.Arquit@gmail.com
Gretal,Borrell,Gretal.Borrell@gmail.com
Drucie,Prouty,Drucie.Prouty@gmail.com
Mildrid,Pelagias,Mildrid.Pelagias@gmail.com
Nicoli,Sothena,Nicoli.Sothena@gmail.com
Jordan,Merat,Jordan.Merat@gmail.com
Chandra,Primalia,Chandra.Primalia@gmail.com
Aimil,Tryck,Aimil.Tryck@gmail.com
Julieta,Roumell,Julieta.Roumell@gmail.com
Correy,Emmy,Correy.Emmy@gmail.com
Drucie,Malvino,Drucie.Malvino@gmail.com
Kathy,Raul,Kathy.Raul@gmail.com
Audrie,Martguerita,Audrie.Martguerita@gmail.com
Therine,Ailyn,Therine.Ailyn@gmail.com
Ermengarde,Skurnik,Ermengarde.Skurnik@gmail.com
Arlena,Faria,Arlena.Faria@gmail.com
Gabriellia,Hurley,Gabriellia.Hurley@gmail.com
Jennica,Dearborn,Jennica.Dearborn@gmail.com
Cathie,Greenwald,Cathie.Greenwald@gmail.com
Daune,Alcott,Daune.Alcott@gmail.com
Gavrielle,Mich,Gavrielle.Mich@gmail.com
Dennie,Rhu,Dennie.Rhu@gmail.com
Joleen,Neils,Joleen.Neils@gmail.com
Sibella,Freddi,Sibella.Freddi@gmail.com
Alameda,Chapland,Alameda.Chapland@gmail.com
Dennie,Andrel,Dennie.Andrel@gmail.com
Lila,Zina,Lila.Zina@gmail.com
Gloria,Ailyn,Gloria.Ailyn@gmail.com
Gusella,Lay,Gusella.Lay@gmail.com
Florencia,Aaberg,Florencia.Aaberg@gmail.com
Rozele,Dorcy,Rozele.Dorcy@gmail.com
Carree,Weinreb,Carree.Weinreb@gmail.com
Stacey,Publia,Stacey.Publia@gmail.com
Rani,Friede,Rani.Friede@gmail.com
Bettine,Regan,Bettine.Regan@gmail.com
Nelle,Berard,Nelle.Berard@gmail.com
Marsiella,Iaverne,Marsiella.Iaverne@gmail.com
Kore,Rooney,Kore.Rooney@gmail.com
Kirstin,Astra,Kirstin.Astra@gmail.com
Joeann,Buckler,Joeann.Buckler@gmail.com
Clo,Darbie,Clo.Darbie@gmail.com
Aurelie,Norrie,Aurelie.Norrie@gmail.com
Joane,Kauppi,Joane.Kauppi@gmail.com
Jeanna,Wittie,Jeanna.Wittie@gmail.com
Tressa,Milde,Tressa.Milde@gmail.com
Winny,Kelula,Winny.Kelula@gmail.com
Nannie,Martsen,Nannie.Martsen@gmail.com
Dominga,Warthman,Dominga.Warthman@gmail.com
Aeriela,Giule,Aeriela.Giule@gmail.com
Kaia,Fennessy,Kaia.Fennessy@gmail.com
Dulce,Bakerman,Dulce.Bakerman@gmail.com
Jsandye,Ciapas,Jsandye.Ciapas@gmail.com
Gabi,Raffo,Gabi.Raffo@gmail.com
Kial,Linskey,Kial.Linskey@gmail.com
Tina,Weide,Tina.Weide@gmail.com
Bibby,Harday,Bibby.Harday@gmail.com
Andree,Iphlgenia,Andree.Iphlgenia@gmail.com
Aaren,Wilkinson,Aaren.Wilkinson@gmail.com
Gertrud,Hull,Gertrud.Hull@gmail.com
Helena,Fiester,Helena.Fiester@gmail.com
Britte,Abbot,Britte.Abbot@gmail.com
Shaine,Lareena,Shaine.Lareena@gmail.com
Amalie,Han,Amalie.Han@gmail.com
Jessamyn,Torray,Jessamyn.Torray@gmail.com
Aili,Blase,Aili.Blase@gmail.com
Winifred,Georgy,Winifred.Georgy@gmail.com
Tatiania,Chapland,Tatiania.Chapland@gmail.com
Bernardine,Philipp,Bernardine.Philipp@gmail.com
Sadie,Kermit,Sadie.Kermit@gmail.com
Gusella,Bryna,Gusella.Bryna@gmail.com
Cecile,Lewes,Cecile.Lewes@gmail.com
Daryl,Howlyn,Daryl.Howlyn@gmail.com
Kellen,Lorenz,Kellen.Lorenz@gmail.com
Harmonia,Zaslow,Harmonia.Zaslow@gmail.com
Trudie,Ciapas,Trudie.Ciapas@gmail.com
Mathilda,Magdalen,Mathilda.Magdalen@gmail.com
Sarette,Beniamino,Sarette.Beniamino@gmail.com
Cathyleen,Aprile,Cathyleen.Aprile@gmail.com
Ruthe,Bendick,Ruthe.Bendick@gmail.com
Chrystel,Gilmour,Chrystel.Gilmour@gmail.com
Peri,Telfer,Peri.Telfer@gmail.com
Marcelline,Gillan,Marcelline.Gillan@gmail.com
Courtnay,Kussell,Courtnay.Kussell@gmail.com
Gertrud,Ochs,Gertrud.Ochs@gmail.com
Roberta,Georas,Roberta.Georas@gmail.com
Jeanna,Tybald,Jeanna.Tybald@gmail.com
Sharlene,Juliet,Sharlene.Juliet@gmail.com
Molli,Cath,Molli.Cath@gmail.com
Bill,Modie,Bill.Modie@gmail.com
Elfreda,Chaing,Elfreda.Chaing@gmail.com
Riannon,Rosalba,Riannon.Rosalba@gmail.com
Grier,Si,Grier.Si@gmail.com
Annecorinne,Thunell,Annecorinne.Thunell@gmail.com
Lonnie,Skell,Lonnie.Skell@gmail.com
Kenna,Nisbet,Kenna.Nisbet@gmail.com
Ardenia,Parette,Ardenia.Parette@gmail.com
Chrystel,Bethany,Chrystel.Bethany@gmail.com
Demetris,Tamsky,Demetris.Tamsky@gmail.com
Fawne,Berl,Fawne.Berl@gmail.com
Jenda,Schalles,Jenda.Schalles@gmail.com
Diena,Curren,Diena.Curren@gmail.com
Shirlee,Demitria,Shirlee.Demitria@gmail.com
Celestyna,Toffic,Celestyna.Toffic@gmail.com
Candy,Schonfeld,Candy.Schonfeld@gmail.com
Latisha,Ciapas,Latisha.Ciapas@gmail.com
Alejandra,Timon,Alejandra.Timon@gmail.com
Margalo,Jotham,Margalo.Jotham@gmail.com
Caressa,Salvidor,Caressa.Salvidor@gmail.com
Fina,Swigart,Fina.Swigart@gmail.com
Patricia,Earlie,Patricia.Earlie@gmail.com
Celisse,Georgy,Celisse.Georgy@gmail.com
Rori,Ciapas,Rori.Ciapas@gmail.com
Genovera,Wenoa,Genovera.Wenoa@gmail.com
Therine,Quent,Therine.Quent@gmail.com
Hermione,Konyn,Hermione.Konyn@gmail.com
Sophia,Bari,Sophia.Bari@gmail.com
Lulita,Ellerey,Lulita.Ellerey@gmail.com
Shannah,Ulphia,Shannah.Ulphia@gmail.com
Nanete,Brodench,Nanete.Brodench@gmail.com
Jenda,Sothena,Jenda.Sothena@gmail.com
Kalina,Cynar,Kalina.Cynar@gmail.com
Cherilyn,Briney,Cherilyn.Briney@gmail.com
Lynde,Krystle,Lynde.Krystle@gmail.com
Karly,Duwalt,Karly.Duwalt@gmail.com
Carilyn,Hillel,Carilyn.Hillel@gmail.com
Marguerite,Adore,Marguerite.Adore@gmail.com
Gabriellia,Stuart,Gabriellia.Stuart@gmail.com
Penelopa,Khorma,Penelopa.Khorma@gmail.com
Joy,Skurnik,Joy.Skurnik@gmail.com
Regina,Dielu,Regina.Dielu@gmail.com
Katharina,Fiann,Katharina.Fiann@gmail.com
Anthia,Vins,Anthia.Vins@gmail.com
Kate,Calhoun,Kate.Calhoun@gmail.com
Ruthe,Faso,Ruthe.Faso@gmail.com
Tobe,Engdahl,Tobe.Engdahl@gmail.com
Lacie,Cavan,Lacie.Cavan@gmail.com
Charmaine,Jeanne,Charmaine.Jeanne@gmail.com
Genovera,Sperling,Genovera.Sperling@gmail.com
Emylee,Alwin,Emylee.Alwin@gmail.com
Teddie,Shirberg,Teddie.Shirberg@gmail.com
Hollie,Malanie,Hollie.Malanie@gmail.com
Siana,Vittoria,Siana.Vittoria@gmail.com
Ida,Maroney,Ida.Maroney@gmail.com
Ardeen,Salvidor,Ardeen.Salvidor@gmail.com
Feliza,Allare,Feliza.Allare@gmail.com
Cam,Adlare,Cam.Adlare@gmail.com
Nicoli,Palocz,Nicoli.Palocz@gmail.com
Aigneis,Saunderson,Aigneis.Saunderson@gmail.com
Hettie,Bertold,Hettie.Bertold@gmail.com
Maurene,Deegan,Maurene.Deegan@gmail.com
Maisey,Capello,Maisey.Capello@gmail.com
Lulita,Simmonds,Lulita.Simmonds@gmail.com
Raina,Terencio,Raina.Terencio@gmail.com
Sharlene,Cutlerr,Sharlene.Cutlerr@gmail.com
Emylee,Orlene,Emylee.Orlene@gmail.com
Kirstin,Kannry,Kirstin.Kannry@gmail.com
Karolina,Heidt,Karolina.Heidt@gmail.com
Laurene,Margret,Laurene.Margret@gmail.com
Jenda,Carolin,Jenda.Carolin@gmail.com
Dawn,Gale,Dawn.Gale@gmail.com
Gale,Abbot,Gale.Abbot@gmail.com
Kaia,Kiyoshi,Kaia.Kiyoshi@gmail.com
Gusty,Evvie,Gusty.Evvie@gmail.com
Gertrud,Dorine,Gertrud.Dorine@gmail.com
Jordan,Latini,Jordan.Latini@gmail.com
Mireielle,Letsou,Mireielle.Letsou@gmail.com
Chere,Azeria,Chere.Azeria@gmail.com
Marjie,Bari,Marjie.Bari@gmail.com
Fawne,Halsey,Fawne.Halsey@gmail.com
Rochette,Dielu,Rochette.Dielu@gmail.com
Kirstin,Hertzfeld,Kirstin.Hertzfeld@gmail.com
Frank,Gherardo,Frank.Gherardo@gmail.com
Margalo,Urania,Margalo.Urania@gmail.com
Brana,Linehan,Brana.Linehan@gmail.com
Silvana,Kelula,Silvana.Kelula@gmail.com
Sarette,Kermit,Sarette.Kermit@gmail.com
Juliane,Atcliffe,Juliane.Atcliffe@gmail.com
Noelle,Salvidor,Noelle.Salvidor@gmail.com
Jere,Michella,Jere.Michella@gmail.com
Brena,Bertold,Brena.Bertold@gmail.com
Renie,Cottle,Renie.Cottle@gmail.com
Caryl,Lia,Caryl.Lia@gmail.com
Lelah,Bebe,Lelah.Bebe@gmail.com
Chickie,Rheingold,Chickie.Rheingold@gmail.com
Elise,Lareena,Elise.Lareena@gmail.com
Margarette,Magnolia,Margarette.Magnolia@gmail.com
Gertrud,Masao,Gertrud.Masao@gmail.com
Gusella,Markman,Gusella.Markman@gmail.com
Tina,Tannie,Tina.Tannie@gmail.com
Alia,Jethro,Alia.Jethro@gmail.com
Petronia,Ferino,Petronia.Ferino@gmail.com
Jillayne,Haymes,Jillayne.Haymes@gmail.com
Dagmar,Richers,Dagmar.Richers@gmail.com
Meg,Cutlerr,Meg.Cutlerr@gmail.com
Henriette,Dimitris,Henriette.Dimitris@gmail.com
Julieta,Felecia,Julieta.Felecia@gmail.com
Frieda,Gibbeon,Frieda.Gibbeon@gmail.com
Shaylyn,Hartnett,Shaylyn.Hartnett@gmail.com
Merle,Vanni,Merle.Vanni@gmail.com
Hayley,Tayib,Hayley.Tayib@gmail.com
Rosaline,Bouchard,Rosaline.Bouchard@gmail.com
Corina,Havens,Corina.Havens@gmail.com
Roseline,Franza,Roseline.Franza@gmail.com
Tomasina,Valerio,Tomasina.Valerio@gmail.com
Roslyn,Seagraves,Roslyn.Seagraves@gmail.com
Shell,Judye,Shell.Judye@gmail.com
Alleen,Egbert,Alleen.Egbert@gmail.com
Mallory,Fiester,Mallory.Fiester@gmail.com
Minne,Karna,Minne.Karna@gmail.com
Dotty,Autrey,Dotty.Autrey@gmail.com
Ninnetta,Marisa,Ninnetta.Marisa@gmail.com
Lila,Kenney,Lila.Kenney@gmail.com
Nanete,Malvino,Nanete.Malvino@gmail.com
Laure,Ivens,Laure.Ivens@gmail.com
Teddie,Ranjiv,Teddie.Ranjiv@gmail.com
Marinna,Frodi,Marinna.Frodi@gmail.com
Lanae,Orelee,Lanae.Orelee@gmail.com
Merci,Vary,Merci.Vary@gmail.com
Flory,Korey,Flory.Korey@gmail.com
Hildegaard,Gilbertson,Hildegaard.Gilbertson@gmail.com
Lory,Dom,Lory.Dom@gmail.com
Teddie,Ardeha,Teddie.Ardeha@gmail.com
Marika,Stoller,Marika.Stoller@gmail.com
Lanna,Hylan,Lanna.Hylan@gmail.com
Alex,Amethist,Alex.Amethist@gmail.com
Bill,Martguerita,Bill.Martguerita@gmail.com
Rivalee,Turne,Rivalee.Turne@gmail.com
Gusty,Hermes,Gusty.Hermes@gmail.com
Shell,Bow,Shell.Bow@gmail.com
Vita,Diogenes,Vita.Diogenes@gmail.com
Janeczka,Bach,Janeczka.Bach@gmail.com
Lila,Morgun,Lila.Morgun@gmail.com
Zsa Zsa,Frodi,Zsa Zsa.Frodi@gmail.com
Cherilyn,Malanie,Cherilyn.Malanie@gmail.com
Albertina,Clywd,Albertina.Clywd@gmail.com
Roslyn,Sikorski,Roslyn.Sikorski@gmail.com
Deloria,Kauppi,Deloria.Kauppi@gmail.com
Edee,Weide,Edee.Weide@gmail.com
Meg,Annabella,Meg.Annabella@gmail.com
Maye,Bahr,Maye.Bahr@gmail.com
Mildrid,Ball,Mildrid.Ball@gmail.com
Raina,Yam,Raina.Yam@gmail.com
Ottilie,Deny,Ottilie.Deny@gmail.com
Darlleen,LaRue,Darlleen.LaRue@gmail.com
Gabriellia,Bakerman,Gabriellia.Bakerman@gmail.com
Zaria,Lipson,Zaria.Lipson@gmail.com
Adriana,Rocray,Adriana.Rocray@gmail.com
Ebonee,Garbe,Ebonee.Garbe@gmail.com
Sara-Ann,Hertzfeld,Sara-Ann.Hertzfeld@gmail.com
Odessa,Baudin,Odessa.Baudin@gmail.com
Netty,Whittaker,Netty.Whittaker@gmail.com
Lenna,Nedrud,Lenna.Nedrud@gmail.com
Mathilda,Lytton,Mathilda.Lytton@gmail.com
Philis,Cadmar,Philis.Cadmar@gmail.com
Nickie,Loleta,Nickie.Loleta@gmail.com
Stephanie,Cohdwell,Stephanie.Cohdwell@gmail.com
Ilse,Marijo,Ilse.Marijo@gmail.com
Regina,Fabiola,Regina.Fabiola@gmail.com
Yetty,Sheng,Yetty.Sheng@gmail.com
Lacie,Grayce,Lacie.Grayce@gmail.com
Liana,Roche,Liana.Roche@gmail.com
Brianna,Muriel,Brianna.Muriel@gmail.com
Patricia,Rozanna,Patricia.Rozanna@gmail.com
Dotty,Donell,Dotty.Donell@gmail.com
Cam,Duwalt,Cam.Duwalt@gmail.com
Donetta,Tippets,Donetta.Tippets@gmail.com
Lila,Han,Lila.Han@gmail.com
Lindie,Loring,Lindie.Loring@gmail.com
Lorie,Deegan,Lorie.Deegan@gmail.com
Dede,Bandeen,Dede.Bandeen@gmail.com
Lolita,Zeeba,Lolita.Zeeba@gmail.com
Daryl,Mathilde,Daryl.Mathilde@gmail.com
Ericka,Uund,Ericka.Uund@gmail.com
Rebeca,Gualtiero,Rebeca.Gualtiero@gmail.com
Sarette,Wandie,Sarette.Wandie@gmail.com
Linet,Horan,Linet.Horan@gmail.com
Kimberley,Oscar,Kimberley.Oscar@gmail.com
Deirdre,Mozelle,Deirdre.Mozelle@gmail.com
Jere,Carbo,Jere.Carbo@gmail.com
Willetta,Travax,Willetta.Travax@gmail.com
Vinita,Trey,Vinita.Trey@gmail.com
Belva,Bendick,Belva.Bendick@gmail.com
Marinna,Juliet,Marinna.Juliet@gmail.com
Tatiania,Kussell,Tatiania.Kussell@gmail.com
Wanda,Bartlett,Wanda.Bartlett@gmail.com
Corly,Henebry,Corly.Henebry@gmail.com
Demetris,Kamaria,Demetris.Kamaria@gmail.com
Danny,Cyrie,Danny.Cyrie@gmail.com
Harmonia,Oscar,Harmonia.Oscar@gmail.com
Jinny,Delacourt,Jinny.Delacourt@gmail.com
Sadie,Lowry,Sadie.Lowry@gmail.com
Benita,Eliathas,Benita.Eliathas@gmail.com
Leia,Rubie,Leia.Rubie@gmail.com
Kirstin,Lunsford,Kirstin.Lunsford@gmail.com
Odessa,McClimans,Odessa.McClimans@gmail.com
Alleen,Michella,Alleen.Michella@gmail.com
Cherrita,Phyllis,Cherrita.Phyllis@gmail.com
Constance,Charity,Constance.Charity@gmail.com
Aurelie,Birdella,Aurelie.Birdella@gmail.com
Christy,Saunderson,Christy.Saunderson@gmail.com
Catharine,Jagir,Catharine.Jagir@gmail.com
Daune,Markman,Daune.Markman@gmail.com
Phylis,Papageno,Phylis.Papageno@gmail.com
Shel,Cristi,Shel.Cristi@gmail.com
Melina,Yerkovich,Melina.Yerkovich@gmail.com
Estell,Salchunas,Estell.Salchunas@gmail.com
Halette,Donell,Halette.Donell@gmail.com
Layla,Chick,Layla.Chick@gmail.com
Krystle,Philipp,Krystle.Philipp@gmail.com
Sophia,Emanuel,Sophia.Emanuel@gmail.com
Molli,Elephus,Molli.Elephus@gmail.com
Eadie,Holtz,Eadie.Holtz@gmail.com
Lita,An,Lita.An@gmail.com
Rhoda,Cath,Rhoda.Cath@gmail.com
Vevay,Lubin,Vevay.Lubin@gmail.com
Tori,Federica,Tori.Federica@gmail.com
Netty,Faria,Netty.Faria@gmail.com
Rosaline,Henrie,Rosaline.Henrie@gmail.com
Lita,Ietta,Lita.Ietta@gmail.com
Cissiee,Elo,Cissiee.Elo@gmail.com
Jasmina,Stoller,Jasmina.Stoller@gmail.com
Benita,Dyche,Benita.Dyche@gmail.com
Frank,Primalia,Frank.Primalia@gmail.com
Raquela,Jammal,Raquela.Jammal@gmail.com
Leontine,Angelis,Leontine.Angelis@gmail.com
Alex,Graig,Alex.Graig@gmail.com
Jolyn,Alexandr,Jolyn.Alexandr@gmail.com
Rosabelle,Burkle,Rosabelle.Burkle@gmail.com
Althea,Sikorski,Althea.Sikorski@gmail.com
Flory,Nikaniki,Flory.Nikaniki@gmail.com
Lucy,Amand,Lucy.Amand@gmail.com
Genevra,Raffo,Genevra.Raffo@gmail.com
Shel,Madelene,Shel.Madelene@gmail.com
Cassandra,Ortrude,Cassandra.Ortrude@gmail.com
Carol-Jean,Thema,Carol-Jean.Thema@gmail.com
Ingrid,Esmaria,Ingrid.Esmaria@gmail.com
Lyssa,Obed,Lyssa.Obed@gmail.com
Kamilah,Libna,Kamilah.Libna@gmail.com
Roseline,Kaete,Roseline.Kaete@gmail.com
Nessie,Laverne,Nessie.Laverne@gmail.com
Kamilah,Amasa,Kamilah.Amasa@gmail.com
Florie,Torray,Florie.Torray@gmail.com
Selma,Boehike,Selma.Boehike@gmail.com
Margette,Argus,Margette.Argus@gmail.com
Kittie,Quent,Kittie.Quent@gmail.com
Cissiee,Junie,Cissiee.Junie@gmail.com
Vanessa,Pond,Vanessa.Pond@gmail.com
Kore,Phi,Kore.Phi@gmail.com
Ethel,Kylander,Ethel.Kylander@gmail.com
Sindee,Viddah,Sindee.Viddah@gmail.com
Yvonne,Sikorski,Yvonne.Sikorski@gmail.com
Tabbatha,Melan,Tabbatha.Melan@gmail.com
Shell,Claudine,Shell.Claudine@gmail.com
Renie,Johanna,Renie.Johanna@gmail.com
Wynne,Allare,Wynne.Allare@gmail.com
Anica,Lalitta,Anica.Lalitta@gmail.com
Suzette,Verger,Suzette.Verger@gmail.com
Emma,Emmaline,Emma.Emmaline@gmail.com
Sue,Cath,Sue.Cath@gmail.com
Gusella,Modie,Gusella.Modie@gmail.com
Anestassia,Clie,Anestassia.Clie@gmail.com
Ekaterina,Joseph,Ekaterina.Joseph@gmail.com
Correy,Duwalt,Correy.Duwalt@gmail.com
Joeann,Narton,Joeann.Narton@gmail.com
Allyce,Judye,Allyce.Judye@gmail.com
Libbie,Lail,Libbie.Lail@gmail.com
Bobinette,Hoenack,Bobinette.Hoenack@gmail.com
Carmencita,Jerold,Carmencita.Jerold@gmail.com
Margalo,Huggins,Margalo.Huggins@gmail.com
Rosene,Grosz,Rosene.Grosz@gmail.com
Darci,Killigrew,Darci.Killigrew@gmail.com
Celene,Regan,Celene.Regan@gmail.com
Carmela,Infield,Carmela.Infield@gmail.com
Sidoney,Schlosser,Sidoney.Schlosser@gmail.com
Norine,Kimmie,Norine.Kimmie@gmail.com
Modestia,Garbe,Modestia.Garbe@gmail.com
Averyl,Calhoun,Averyl.Calhoun@gmail.com
Ileana,Borrell,Ileana.Borrell@gmail.com
Sheree,Ariella,Sheree.Ariella@gmail.com
Millie,Agle,Millie.Agle@gmail.com
Ekaterina,Annabella,Ekaterina.Annabella@gmail.com
Dennie,Vilma,Dennie.Vilma@gmail.com
Angela,Schonfeld,Angela.Schonfeld@gmail.com
Almeta,Wareing,Almeta.Wareing@gmail.com
Corly,Brady,Corly.Brady@gmail.com
Gaylene,Grayce,Gaylene.Grayce@gmail.com
Cordi,Nea,Cordi.Nea@gmail.com
Stephanie,Saint,Stephanie.Saint@gmail.com
Julieta,Berriman,Julieta.Berriman@gmail.com
Teddie,Loring,Teddie.Loring@gmail.com
Larine,Duwalt,Larine.Duwalt@gmail.com
Phedra,Sawtelle,Phedra.Sawtelle@gmail.com
Estell,Amand,Estell.Amand@gmail.com
Dianemarie,Lay,Dianemarie.Lay@gmail.com
Trixi,Judye,Trixi.Judye@gmail.com
Petronia,Dahlia,Petronia.Dahlia@gmail.com
Cam,Francyne,Cam.Francyne@gmail.com
Feliza,Himelman,Feliza.Himelman@gmail.com
Maryellen,McAdams,Maryellen.McAdams@gmail.com
Tamqrah,Chabot,Tamqrah.Chabot@gmail.com
Oralee,Geffner,Oralee.Geffner@gmail.com
Ada,Grayce,Ada.Grayce@gmail.com
Marjie,Euridice,Marjie.Euridice@gmail.com
Cyb,Hutchison,Cyb.Hutchison@gmail.com
Kalina,Ioab,Kalina.Ioab@gmail.com
Xylina,Gusella,Xylina.Gusella@gmail.com
Sara-Ann,Tayib,Sara-Ann.Tayib@gmail.com
Amara,Ranjiv,Amara.Ranjiv@gmail.com
Kristan,Uird,Kristan.Uird@gmail.com
Heddie,Calhoun,Heddie.Calhoun@gmail.com
Krystle,Bendick,Krystle.Bendick@gmail.com
Siana,Adamsen,Siana.Adamsen@gmail.com
Silvana,Viddah,Silvana.Viddah@gmail.com
Halette,Parsaye,Halette.Parsaye@gmail.com
Jenilee,Anderea,Jenilee.Anderea@gmail.com
Violet,Christal,Violet.Christal@gmail.com
Candi,Nore,Candi.Nore@gmail.com
Maye,Screens,Maye.Screens@gmail.com
Kary,Greenwald,Kary.Greenwald@gmail.com
Lily,Croix,Lily.Croix@gmail.com
Blake,Podvin,Blake.Podvin@gmail.com
Linzy,Fabiola,Linzy.Fabiola@gmail.com
Ulrike,Sheedy,Ulrike.Sheedy@gmail.com
Pearline,Giule,Pearline.Giule@gmail.com
Chloris,Hilbert,Chloris.Hilbert@gmail.com
Shirlee,Seagraves,Shirlee.Seagraves@gmail.com
Lynnea,Thar,Lynnea.Thar@gmail.com
Randa,Neva,Randa.Neva@gmail.com
Elka,Peonir,Elka.Peonir@gmail.com
Lorne,Shaddock,Lorne.Shaddock@gmail.com
Flo,Jarib,Flo.Jarib@gmail.com
Lory,Leary,Lory.Leary@gmail.com
Eve,Carleen,Eve.Carleen@gmail.com
Winifred,Malanie,Winifred.Malanie@gmail.com
Donetta,Weaks,Donetta.Weaks@gmail.com
Edyth,Kress,Edyth.Kress@gmail.com
Marinna,Yam,Marinna.Yam@gmail.com
Pierette,Mintz,Pierette.Mintz@gmail.com
Elka,Nunci,Elka.Nunci@gmail.com
Genevra,Ethban,Genevra.Ethban@gmail.com
Estell,Fax,Estell.Fax@gmail.com
Odessa,Lutero,Odessa.Lutero@gmail.com
Teddie,Charity,Teddie.Charity@gmail.com
Adelle,Remmer,Adelle.Remmer@gmail.com
Alex,Fulmer,Alex.Fulmer@gmail.com
Hallie,Sadowski,Hallie.Sadowski@gmail.com
Anthia,Darbie,Anthia.Darbie@gmail.com
Henriette,Aprile,Henriette.Aprile@gmail.com
Georgina,Casimir,Georgina.Casimir@gmail.com
Shandie,Roarke,Shandie.Roarke@gmail.com
Marita,Natalia,Marita.Natalia@gmail.com
Linzy,Chobot,Linzy.Chobot@gmail.com
Courtnay,Campball,Courtnay.Campball@gmail.com
Marsiella,Holtz,Marsiella.Holtz@gmail.com
Hayley,Ciro,Hayley.Ciro@gmail.com
Ardys,Rese,Ardys.Rese@gmail.com
Liana,Morehouse,Liana.Morehouse@gmail.com
Ileana,Raimondo,Ileana.Raimondo@gmail.com
Penelopa,Hailee,Penelopa.Hailee@gmail.com
Silvana,Imelida,Silvana.Imelida@gmail.com
Ursulina,Munn,Ursulina.Munn@gmail.com
Agathe,Lutero,Agathe.Lutero@gmail.com
Rosanne,Othilia,Rosanne.Othilia@gmail.com
Maridel,Schonfeld,Maridel.Schonfeld@gmail.com
Christy,Roarke,Christy.Roarke@gmail.com
Doralynne,Zitvaa,Doralynne.Zitvaa@gmail.com
Sissy,Orlene,Sissy.Orlene@gmail.com
Tiffie,Egbert,Tiffie.Egbert@gmail.com
Noelle,Lytton,Noelle.Lytton@gmail.com
Ada,Rad,Ada.Rad@gmail.com
Rubie,Saint,Rubie.Saint@gmail.com
Henriette,Linehan,Henriette.Linehan@gmail.com
Lonnie,Pattin,Lonnie.Pattin@gmail.com
Elmira,Jethro,Elmira.Jethro@gmail.com
Tiffie,Rodmann,Tiffie.Rodmann@gmail.com
Shaylyn,Haerr,Shaylyn.Haerr@gmail.com
Genevra,Clie,Genevra.Clie@gmail.com
Nadine,Khorma,Nadine.Khorma@gmail.com
Wileen,Wolfgram,Wileen.Wolfgram@gmail.com
Jolyn,Guthrie,Jolyn.Guthrie@gmail.com
Tabbatha,Margret,Tabbatha.Margret@gmail.com
Andeee,Forrer,Andeee.Forrer@gmail.com
Emma,Modie,Emma.Modie@gmail.com
Meg,Dorcy,Meg.Dorcy@gmail.com
Maridel,Kare,Maridel.Kare@gmail.com
Rosaline,Zina,Rosaline.Zina@gmail.com
Isa,Malvino,Isa.Malvino@gmail.com
Dianemarie,Rooney,Dianemarie.Rooney@gmail.com
Charmaine,Kalinda,Charmaine.Kalinda@gmail.com
Tina,Celestine,Tina.Celestine@gmail.com
Ketti,Birdella,Ketti.Birdella@gmail.com
Kenna,Strephon,Kenna.Strephon@gmail.com
Annaliese,Hollingsworth,Annaliese.Hollingsworth@gmail.com
Selia,Ashely,Selia.Ashely@gmail.com
Sharai,Cecile,Sharai.Cecile@gmail.com
Jaclyn,Tryck,Jaclyn.Tryck@gmail.com
Agathe,Munn,Agathe.Munn@gmail.com
Tomasina,Abbot,Tomasina.Abbot@gmail.com
Morganica,Cecile,Morganica.Cecile@gmail.com
Marika,Emerson,Marika.Emerson@gmail.com
Georgetta,Lynn,Georgetta.Lynn@gmail.com
Jaclyn,Ochs,Jaclyn.Ochs@gmail.com
Ingrid,Berne,Ingrid.Berne@gmail.com
Karolina,Hillel,Karolina.Hillel@gmail.com
Misha,Bettine,Misha.Bettine@gmail.com
Tami,Callista,Tami.Callista@gmail.com
Paulita,Demitria,Paulita.Demitria@gmail.com
Dorice,Torray,Dorice.Torray@gmail.com
Kassey,Calhoun,Kassey.Calhoun@gmail.com
Viviene,Talia,Viviene.Talia@gmail.com
Therine,Hedve,Therine.Hedve@gmail.com
Joeann,Lynn,Joeann.Lynn@gmail.com
Yolane,Taam,Yolane.Taam@gmail.com
Vevay,Dermott,Vevay.Dermott@gmail.com
Roberta,Cynar,Roberta.Cynar@gmail.com
Valeda,Gordon,Valeda.Gordon@gmail.com
Sam,Winthorpe,Sam.Winthorpe@gmail.com
Justinn,Voletta,Justinn.Voletta@gmail.com
Tera,Madox,Tera.Madox@gmail.com
Brianna,Fillbert,Brianna.Fillbert@gmail.com
Celene,Lucienne,Celene.Lucienne@gmail.com
June,Pacorro,June.Pacorro@gmail.com
Magdalena,Fax,Magdalena.Fax@gmail.com
Emylee,Alexandr,Emylee.Alexandr@gmail.com
Jemie,Othilia,Jemie.Othilia@gmail.com
Valli,Reneta,Valli.Reneta@gmail.com
Randa,Klotz,Randa.Klotz@gmail.com
Wendi,Pulsifer,Wendi.Pulsifer@gmail.com
Jacquetta,Michella,Jacquetta.Michella@gmail.com
Ruthe,Phyllis,Ruthe.Phyllis@gmail.com
Micheline,Adamsen,Micheline.Adamsen@gmail.com
Di,Shuler,Di.Shuler@gmail.com
Esmeralda,Kazimir,Esmeralda.Kazimir@gmail.com
Lelah,Warthman,Lelah.Warthman@gmail.com
Yvonne,Flita,Yvonne.Flita@gmail.com
Meghann,Sallyann,Meghann.Sallyann@gmail.com
Ninnetta,Matthew,Ninnetta.Matthew@gmail.com
Adriana,Yusuk,Adriana.Yusuk@gmail.com
Alia,Fulmer,Alia.Fulmer@gmail.com
Kayla,Rheingold,Kayla.Rheingold@gmail.com
Kylynn,Milson,Kylynn.Milson@gmail.com
Mallory,Pauly,Mallory.Pauly@gmail.com
Cathie,Jarib,Cathie.Jarib@gmail.com
Susan,Fitzsimmons,Susan.Fitzsimmons@gmail.com
Ann-Marie,Lauraine,Ann-Marie.Lauraine@gmail.com
Helsa,Narton,Helsa.Narton@gmail.com
Melina,Terrence,Melina.Terrence@gmail.com
Chickie,Gladstone,Chickie.Gladstone@gmail.com
Vita,Kannry,Vita.Kannry@gmail.com
Ariela,Hieronymus,Ariela.Hieronymus@gmail.com
Merci,Andrel,Merci.Andrel@gmail.com
Susette,Fredi,Susette.Fredi@gmail.com
Adriana,Zachary,Adriana.Zachary@gmail.com
Dominga,Salvidor,Dominga.Salvidor@gmail.com
Demetris,Jagir,Demetris.Jagir@gmail.com
Ardeen,Yate,Ardeen.Yate@gmail.com
Rosaline,Jerold,Rosaline.Jerold@gmail.com
Chickie,Bennie,Chickie.Bennie@gmail.com
Selia,Glovsky,Selia.Glovsky@gmail.com
Demetris,Ochs,Demetris.Ochs@gmail.com
Zsa Zsa,Brodench,Zsa Zsa.Brodench@gmail.com
Miquela,Ioab,Miquela.Ioab@gmail.com
Meg,Arne,Meg.Arne@gmail.com
Valeda,Skell,Valeda.Skell@gmail.com
Feliza,Imelida,Feliza.Imelida@gmail.com
Abbie,Gower,Abbie.Gower@gmail.com
Ezmeralda,Rhu,Ezmeralda.Rhu@gmail.com
Gerianna,Yorick,Gerianna.Yorick@gmail.com
Belva,Mayeda,Belva.Mayeda@gmail.com
Ana,Olympium,Ana.Olympium@gmail.com
Daryl,Tannie,Daryl.Tannie@gmail.com
Agnese,Gladstone,Agnese.Gladstone@gmail.com
Etta,Munn,Etta.Munn@gmail.com
Sam,LaRue,Sam.LaRue@gmail.com
Nicoli,Raffo,Nicoli.Raffo@gmail.com
Althea,Charity,Althea.Charity@gmail.com
Minne,Philipp,Minne.Philipp@gmail.com
Lacie,Calhoun,Lacie.Calhoun@gmail.com
Karina,Kolnick,Karina.Kolnick@gmail.com
Abbie,Monk,Abbie.Monk@gmail.com
Sybille,Hessler,Sybille.Hessler@gmail.com
Aigneis,Hillel,Aigneis.Hillel@gmail.com
Abbie,Zenas,Abbie.Zenas@gmail.com
Maurene,Camden,Maurene.Camden@gmail.com
Neila,Dowski,Neila.Dowski@gmail.com
Stevana,Hirsch,Stevana.Hirsch@gmail.com
Darci,Rustice,Darci.Rustice@gmail.com
Beth,Toni,Beth.Toni@gmail.com
Diena,Xerxes,Diena.Xerxes@gmail.com
Marcelline,Saunderson,Marcelline.Saunderson@gmail.com
Jeanna,Keelia,Jeanna.Keelia@gmail.com
Jobi,Phi,Jobi.Phi@gmail.com
Cassandra,Schroth,Cassandra.Schroth@gmail.com
Gwyneth,Alabaster,Gwyneth.Alabaster@gmail.com
Caressa,O'Rourke,Caressa.O'Rourke@gmail.com
Robinia,Jalbert,Robinia.Jalbert@gmail.com
Krystle,Kimmie,Krystle.Kimmie@gmail.com
Joy,Cavan,Joy.Cavan@gmail.com
Eolanda,Evvie,Eolanda.Evvie@gmail.com
Ayn,Gilmour,Ayn.Gilmour@gmail.com
Lorenza,Georgy,Lorenza.Georgy@gmail.com
Ursulina,Chobot,Ursulina.Chobot@gmail.com
Mahalia,Johanna,Mahalia.Johanna@gmail.com
Agathe,Chandler,Agathe.Chandler@gmail.com
Chandra,Bettine,Chandra.Bettine@gmail.com
Merci,Lytton,Merci.Lytton@gmail.com
Claudina,Maroney,Claudina.Maroney@gmail.com
Konstance,Meter,Konstance.Meter@gmail.com
Lorenza,Shirberg,Lorenza.Shirberg@gmail.com
Allyce,Alisia,Allyce.Alisia@gmail.com
Mady,Baylor,Mady.Baylor@gmail.com
Eadie,Hathaway,Eadie.Hathaway@gmail.com
Dyann,Alfons,Dyann.Alfons@gmail.com
Elyssa,Hachmin,Elyssa.Hachmin@gmail.com
Gui,Taam,Gui.Taam@gmail.com
Ingrid,Burch,Ingrid.Burch@gmail.com
Marcelline,Roscoe,Marcelline.Roscoe@gmail.com
Mireielle,Blase,Mireielle.Blase@gmail.com
Olwen,Guildroy,Olwen.Guildroy@gmail.com
Xylina,Stilwell,Xylina.Stilwell@gmail.com
Nanete,Malina,Nanete.Malina@gmail.com
Kimberley,Connelly,Kimberley.Connelly@gmail.com
Mildrid,Howlyn,Mildrid.Howlyn@gmail.com
Jaclyn,Kat,Jaclyn.Kat@gmail.com
Oona,Fillbert,Oona.Fillbert@gmail.com
Blondelle,Simmonds,Blondelle.Simmonds@gmail.com
Melina,Kolnick,Melina.Kolnick@gmail.com
Esmeralda,Karna,Esmeralda.Karna@gmail.com
Robinia,Malvino,Robinia.Malvino@gmail.com
Mary,Nikaniki,Mary.Nikaniki@gmail.com
Viviene,Franza,Viviene.Franza@gmail.com
Alyda,Urania,Alyda.Urania@gmail.com
Maryellen,Swanhildas,Maryellen.Swanhildas@gmail.com
Mara,Niccolo,Mara.Niccolo@gmail.com
Tarra,Lilas,Tarra.Lilas@gmail.com
Briney,Tillford,Briney.Tillford@gmail.com
Britni,Sidonius,Britni.Sidonius@gmail.com
Ileana,Thilda,Ileana.Thilda@gmail.com
Kittie,Whiffen,Kittie.Whiffen@gmail.com
Hollie,Girardo,Hollie.Girardo@gmail.com
Cristine,Roarke,Cristine.Roarke@gmail.com
Adelle,Saree,Adelle.Saree@gmail.com
Elmira,Vale,Elmira.Vale@gmail.com
Babita,Philipp,Babita.Philipp@gmail.com
Charissa,Telfer,Charissa.Telfer@gmail.com
Coral,Ardra,Coral.Ardra@gmail.com
Alex,Thema,Alex.Thema@gmail.com
Althea,Arquit,Althea.Arquit@gmail.com
Atlanta,Berard,Atlanta.Berard@gmail.com
Farrah,Ivens,Farrah.Ivens@gmail.com
Sara-Ann,Zeeba,Sara-Ann.Zeeba@gmail.com
Pearline,Clie,Pearline.Clie@gmail.com
Beatriz,Pascia,Beatriz.Pascia@gmail.com
Cissiee,Clywd,Cissiee.Clywd@gmail.com
Valera,Pitt,Valera.Pitt@gmail.com
Gavrielle,Ietta,Gavrielle.Ietta@gmail.com
Brana,Land,Brana.Land@gmail.com
Kary,Guthrie,Kary.Guthrie@gmail.com
Deirdre,Edison,Deirdre.Edison@gmail.com
Heddie,Aldric,Heddie.Aldric@gmail.com
Rosabelle,Estella,Rosabelle.Estella@gmail.com
Kathi,Hieronymus,Kathi.Hieronymus@gmail.com